address,lanes,filename1,filename2
"29 N 100 W Morgan, UT",1.0,Spencer's images/1/Morgan_UT_img_0001.jpg,Spencer's images/1/Morgan_UT_img_0002.jpg
"45 N 100 W Morgan, UT",1.0,Spencer's images/1/Morgan_UT_img_0003.jpg,Spencer's images/1/Morgan_UT_img_0004.jpg
"59 N 100 W Morgan, UT",1.0,Spencer's images/1/Morgan_UT_img_0005.jpg,Spencer's images/1/Morgan_UT_img_0006.jpg
"90 W Young St Morgan, UT",,img_000_.jpg,img_000_.jpg
"48 W Young St Morgan, UT",,img_000_.jpg,img_000_.jpg
"41 N State St Morgan, UT",2.0,Spencer's images/2/Morgan_UT_img_0007.jpg,Spencer's images/2/Morgan_UT_img_0008.jpg
"93 N State St Morgan, UT",2.0,Spencer's images/2/Morgan_UT_img_0009.jpg,Spencer's images/2/Morgan_UT_img_0010.jpg
"50 N 100 W Morgan, UT",1.0,Spencer's images/1/Morgan_UT_img_0011.jpg,Spencer's images/1/Morgan_UT_img_0012.jpg
"10 W Young St Morgan, UT",,img_000_.jpg,img_000_.jpg
"29 S 100 W Morgan, UT",1.0,Spencer's images/1/Morgan_UT_img_0013.jpg,Spencer's images/1/Morgan_UT_img_0014.jpg
"65 S 100 W Morgan, UT",,img_000_.jpg,img_000_.jpg
"87 S 100 W Morgan, UT",1.0,Spencer's images/1/Morgan_UT_img_0015.jpg,Spencer's images/1/Morgan_UT_img_0016.jpg
"36 W 100 S Morgan, UT",1.0,Spencer's images/1/Morgan_UT_img_0017.jpg,Spencer's images/1/Morgan_UT_img_0018.jpg
"96 S State St Morgan, UT",2.0,Spencer's images/2/Morgan_UT_img_0019.jpg,Spencer's images/2/Morgan_UT_img_0020.jpg
"90 S State St Morgan, UT",,img_000_.jpg,img_000_.jpg
"95 S State St Morgan, UT",2.0,Spencer's images/2/Morgan_UT_img_0021.jpg,Spencer's images/2/Morgan_UT_img_0022.jpg
"75 S State St Morgan, UT",,img_000_.jpg,img_000_.jpg
"55 S State St Morgan, UT",,img_000_.jpg,img_000_.jpg
"20 E Young St Morgan, UT",1.0,Spencer's images/1/Morgan_UT_img_0023.jpg,Spencer's images/1/Morgan_UT_img_0024.jpg
"62 E Young St Morgan, UT",1.0,Spencer's images/1/Morgan_UT_img_0025.jpg,Spencer's images/1/Morgan_UT_img_0026.jpg
"20 S 100 E Morgan, UT",1.0,Spencer's images/1/Morgan_UT_img_0027.jpg,Spencer's images/1/Morgan_UT_img_0028.jpg
"36 S 100 E Morgan, UT",1.0,Spencer's images/1/Morgan_UT_img_0029.jpg,Spencer's images/1/Morgan_UT_img_0030.jpg
"70 S 100 E Morgan, UT",,img_000_.jpg,img_000_.jpg
"74 S 100 E Morgan, UT",1.0,Spencer's images/1/Morgan_UT_img_0031.jpg,Spencer's images/1/Morgan_UT_img_0032.jpg
"87 S 100 E Morgan, UT",,img_000_.jpg,img_000_.jpg
"69 E 100 S Morgan, UT",1.0,Spencer's images/1/Morgan_UT_img_0033.jpg,Spencer's images/1/Morgan_UT_img_0034.jpg
"55 E 100 S Morgan, UT",2.0,Spencer's images/2/Morgan_UT_img_0035.jpg,Spencer's images/2/Morgan_UT_img_0036.jpg
"4 N State St Morgan, UT",2.0,Spencer's images/2/Morgan_UT_img_0037.jpg,Spencer's images/2/Morgan_UT_img_0038.jpg
"12 N State St Morgan, UT",,img_000_.jpg,img_000_.jpg
"50 N State St Morgan, UT",,img_000_.jpg,img_000_.jpg
"56 N State St Morgan, UT",,img_000_.jpg,img_000_.jpg
"96 N State St Morgan, UT",2.0,Spencer's images/2/Morgan_UT_img_0039.jpg,Spencer's images/2/Morgan_UT_img_0040.jpg
"115 E Young St Morgan, UT",1.0,Spencer's images/1/Morgan_UT_img_0041.jpg,Spencer's images/1/Morgan_UT_img_0042.jpg
"30 N 200 E Morgan, UT",,img_000_.jpg,img_000_.jpg
"55 N 200 E Morgan, UT",0.0,,
"784 E Young St Morgan, UT",,img_000_.jpg,img_000_.jpg
"570 E Young St Morgan, UT",,img_000_.jpg,img_000_.jpg
"446 E Young St Morgan, UT",1.0,Spencer's images/1/Morgan_UT_img_0043.jpg,Spencer's images/1/Morgan_UT_img_0044.jpg
"344 E Young St Morgan, UT",1.0,Spencer's images/1/Morgan_UT_img_0045.jpg,Spencer's images/1/Morgan_UT_img_0046.jpg
"707 E 100 S Morgan, UT",1.0,Spencer's images/1/Morgan_UT_img_0047.jpg,Spencer's images/1/Morgan_UT_img_0048.jpg
"685 E 100 S Morgan, UT",,img_000_.jpg,img_000_.jpg
"679 E 100 S Morgan, UT",,img_000_.jpg,img_000_.jpg
"665 E 100 S Morgan, UT",1.0,Spencer's images/1/Morgan_UT_img_0049.jpg,Spencer's images/1/Morgan_UT_img_0050.jpg
"641 E 100 S Morgan, UT",,img_000_.jpg,img_000_.jpg
"617 E 100 S Morgan, UT",1.0,Spencer's images/1/Morgan_UT_img_0051.jpg,Spencer's images/1/Morgan_UT_img_0052.jpg
"595 E 100 S Morgan, UT",,img_000_.jpg,img_000_.jpg
"581 E 100 S Morgan, UT",1.0,Spencer's images/1/Morgan_UT_img_0053.jpg,Spencer's images/1/Morgan_UT_img_0054.jpg
"543 E 100 S Morgan, UT",,img_000_.jpg,img_000_.jpg
"525 E 100 S Morgan, UT",1.0,Spencer's images/1/Morgan_UT_img_0055.jpg,Spencer's images/1/Morgan_UT_img_0056.jpg
"519 E 100 S Morgan, UT",,img_000_.jpg,img_000_.jpg
"515 E 100 S Morgan, UT",1.0,Spencer's images/1/Morgan_UT_img_0057.jpg,Spencer's images/1/Morgan_UT_img_0058.jpg
"435 E 100 S Morgan, UT",1.0,Spencer's images/1/Morgan_UT_img_0059.jpg,Spencer's images/1/Morgan_UT_img_0060.jpg
"415 E 100 S Morgan, UT",,img_000_.jpg,img_000_.jpg
"395 E 100 S Morgan, UT",,img_000_.jpg,img_000_.jpg
"385 E 100 S Morgan, UT",1.0,Spencer's images/1/Morgan_UT_img_0061.jpg,Spencer's images/1/Morgan_UT_img_0062.jpg
"375 E 100 S Morgan, UT",,img_000_.jpg,img_000_.jpg
"365 E 100 S Morgan, UT",,img_000_.jpg,img_000_.jpg
"443 E Deer Valley Dr Morgan, UT",,img_000_.jpg,img_000_.jpg
"437 E Deer Valley Dr Morgan, UT",,img_000_.jpg,img_000_.jpg
"421 E Deer Valley Dr Morgan, UT",1.0,Spencer's images/1/Morgan_UT_img_0063.jpg,Spencer's images/1/Morgan_UT_img_0064.jpg
"415 E Deer Valley Dr Morgan, UT",,img_000_.jpg,img_000_.jpg
"403 E Deer Valley Dr Morgan, UT",1.0,Spencer's images/1/Morgan_UT_img_0065.jpg,Spencer's images/1/Morgan_UT_img_0066.jpg
"385 E Deer Valley Dr Morgan, UT",,img_000_.jpg,img_000_.jpg
"367 E Deer Valley Dr Morgan, UT",,img_000_.jpg,img_000_.jpg
"341 E Deer Valley Dr Morgan, UT",,img_000_.jpg,img_000_.jpg
"325 E Deer Valley Dr Morgan, UT",1.0,Spencer's images/1/Morgan_UT_img_0067.jpg,Spencer's images/1/Morgan_UT_img_0068.jpg
"170 S Esquire Dr Morgan, UT",1.0,Spencer's images/1/Morgan_UT_img_0069.jpg,Spencer's images/1/Morgan_UT_img_0070.jpg
"154 S Esquire Dr Morgan, UT",1.0,Spencer's images/1/Morgan_UT_img_0071.jpg,Spencer's images/1/Morgan_UT_img_0072.jpg
"316 E Rose Dr Morgan, UT",,img_000_.jpg,img_000_.jpg
"324 E Rose Dr Morgan, UT",1.0,Spencer's images/1/Morgan_UT_img_0073.jpg,Spencer's images/1/Morgan_UT_img_0074.jpg
"338 E Rose Dr Morgan, UT",,img_000_.jpg,img_000_.jpg
"348 E Rose Dr Morgan, UT",,img_000_.jpg,img_000_.jpg
"370 E Rose Dr Morgan, UT",,img_000_.jpg,img_000_.jpg
"376 E Rose Dr Morgan, UT",,img_000_.jpg,img_000_.jpg
"388 E Rose Dr Morgan, UT",1.0,Spencer's images/1/Morgan_UT_img_0075.jpg,Spencer's images/1/Morgan_UT_img_0076.jpg
"410 E 100 S Morgan, UT",,img_000_.jpg,img_000_.jpg
"450 E 100 S Morgan, UT",,img_000_.jpg,img_000_.jpg
"460 E 100 S Morgan, UT",,img_000_.jpg,img_000_.jpg
"468 E 100 S Morgan, UT",,img_000_.jpg,img_000_.jpg
"520 E 100 S Morgan, UT",,img_000_.jpg,img_000_.jpg
"528 E 100 S Morgan, UT",,img_000_.jpg,img_000_.jpg
"317 E Rose Dr Morgan, UT",,img_000_.jpg,img_000_.jpg
"325 E Rose Dr Morgan, UT",,img_000_.jpg,img_000_.jpg
"337 E Rose Dr Morgan, UT",,img_000_.jpg,img_000_.jpg
"345 E Rose Dr Morgan, UT",,img_000_.jpg,img_000_.jpg
"357 E Rose Dr Morgan, UT",,img_000_.jpg,img_000_.jpg
"375 E Rose Dr Morgan, UT",,img_000_.jpg,img_000_.jpg
"380 E 100 S Morgan, UT",,img_000_.jpg,img_000_.jpg
"370 E 100 S Morgan, UT",,img_000_.jpg,img_000_.jpg
"350 E 100 S Morgan, UT",,img_000_.jpg,img_000_.jpg
"340 E 100 S Morgan, UT",,img_000_.jpg,img_000_.jpg
"330 E 100 S Morgan, UT",,img_000_.jpg,img_000_.jpg
"310 E 100 S Morgan, UT",,img_000_.jpg,img_000_.jpg
"300 E 100 S Morgan, UT",,img_000_.jpg,img_000_.jpg
"126 S Esquire Dr Morgan, UT",,img_000_.jpg,img_000_.jpg
"144 S Esquire Dr Morgan, UT",,img_000_.jpg,img_000_.jpg
"308 E Imperial Dr Morgan, UT",,img_000_.jpg,img_000_.jpg
"296 E Imperial Dr Morgan, UT",,img_000_.jpg,img_000_.jpg
"278 E Imperial Dr Morgan, UT",,img_000_.jpg,img_000_.jpg
"210 E Imperial Dr Morgan, UT",,img_000_.jpg,img_000_.jpg
"202 E Imperial Dr Morgan, UT",,img_000_.jpg,img_000_.jpg
"211 S Meadowlark Way Morgan, UT",,img_000_.jpg,img_000_.jpg
"219 S Meadowlark Way Morgan, UT",,img_000_.jpg,img_000_.jpg
"222 S Meadowlark Way Morgan, UT",,img_000_.jpg,img_000_.jpg
"142 E Imperial Dr Morgan, UT",,img_000_.jpg,img_000_.jpg
"175 E Imperial Dr Morgan, UT",,img_000_.jpg,img_000_.jpg
"176 E Falcon Cir Morgan, UT",,img_000_.jpg,img_000_.jpg
"140 E Falcon Cir Morgan, UT",,img_000_.jpg,img_000_.jpg
"125 E Falcon Cir Morgan, UT",,img_000_.jpg,img_000_.jpg
"137 E Falcon Cir Morgan, UT",,img_000_.jpg,img_000_.jpg
"163 E Falcon Cir Morgan, UT",,img_000_.jpg,img_000_.jpg
"185 E Falcon Cir Morgan, UT",,img_000_.jpg,img_000_.jpg
"173 S Sandpiper Way Morgan, UT",,img_000_.jpg,img_000_.jpg
"177 S Sandpiper Way Morgan, UT",,img_000_.jpg,img_000_.jpg
"189 S Sandpiper Way Morgan, UT",,img_000_.jpg,img_000_.jpg
"192 S Finch Cir Morgan, UT",,img_000_.jpg,img_000_.jpg
"180 S Finch Cir Morgan, UT",,img_000_.jpg,img_000_.jpg
"174 S Finch Cir Morgan, UT",,img_000_.jpg,img_000_.jpg
"171 S Finch Cir Morgan, UT",,img_000_.jpg,img_000_.jpg
"177 S Finch Cir Morgan, UT",,img_000_.jpg,img_000_.jpg
"183 S Finch Cir Morgan, UT",,img_000_.jpg,img_000_.jpg
"189 S Esquire Dr Morgan, UT",,img_000_.jpg,img_000_.jpg
"157 S Esquire Dr Morgan, UT",,img_000_.jpg,img_000_.jpg
"151 S Esquire Dr Morgan, UT",,img_000_.jpg,img_000_.jpg
"147 S Esquire Dr Morgan, UT",,img_000_.jpg,img_000_.jpg
"135 S Esquire Dr Morgan, UT",,img_000_.jpg,img_000_.jpg
"121 S Esquire Dr Morgan, UT",,img_000_.jpg,img_000_.jpg
"95 N 300 E Morgan, UT",,img_000_.jpg,img_000_.jpg
"97 N 300 E Morgan, UT",,img_000_.jpg,img_000_.jpg
"424 E 100 N Morgan, UT",,img_000_.jpg,img_000_.jpg
"78 S Commercial St Morgan, UT",,img_000_.jpg,img_000_.jpg
"64 S Commercial St Morgan, UT",,img_000_.jpg,img_000_.jpg
"56 S Commercial St Morgan, UT",,img_000_.jpg,img_000_.jpg
"48 S Commercial St Morgan, UT",,img_000_.jpg,img_000_.jpg
"30 S Commercial St Morgan, UT",,img_000_.jpg,img_000_.jpg
"20 S Commercial St Morgan, UT",,img_000_.jpg,img_000_.jpg
"14 S Commercial St Morgan, UT",,img_000_.jpg,img_000_.jpg
"12 S Commercial St Morgan, UT",,img_000_.jpg,img_000_.jpg
"13 N Commercial St Morgan, UT",,img_000_.jpg,img_000_.jpg
"11 N Commercial St Morgan, UT",,img_000_.jpg,img_000_.jpg
"2 S Commercial St Morgan, UT",,img_000_.jpg,img_000_.jpg
"17 N Commercial St Morgan, UT",,img_000_.jpg,img_000_.jpg
"21 N Commercial St Morgan, UT",,img_000_.jpg,img_000_.jpg
"29 N Commercial St Morgan, UT",,img_000_.jpg,img_000_.jpg
"33 N Commercial St Morgan, UT",,img_000_.jpg,img_000_.jpg
"39 N Commercial St Morgan, UT",,img_000_.jpg,img_000_.jpg
"53 N Commercial St Morgan, UT",,img_000_.jpg,img_000_.jpg
"57 N Commercial St Morgan, UT",,img_000_.jpg,img_000_.jpg
"71 N Commercial St Morgan, UT",,img_000_.jpg,img_000_.jpg
"81 N Commercial St Morgan, UT",,img_000_.jpg,img_000_.jpg
"87 N Commercial St Morgan, UT",,img_000_.jpg,img_000_.jpg
"97 N Commercial St Morgan, UT",,img_000_.jpg,img_000_.jpg
"430 E 100 N Morgan, UT",,img_000_.jpg,img_000_.jpg
"86 N Williams Cir Morgan, UT",,img_000_.jpg,img_000_.jpg
"80 N Williams Cir Morgan, UT",,img_000_.jpg,img_000_.jpg
"52 N Williams Cir Morgan, UT",,img_000_.jpg,img_000_.jpg
"30 N Williams Cir Morgan, UT",,img_000_.jpg,img_000_.jpg
"18 N Williams Cir Morgan, UT",,img_000_.jpg,img_000_.jpg
"10 N Williams Cir Morgan, UT",,img_000_.jpg,img_000_.jpg
"15 N Williams Cir Morgan, UT",,img_000_.jpg,img_000_.jpg
"27 N Williams Cir Morgan, UT",,img_000_.jpg,img_000_.jpg
"55 N Williams Cir Morgan, UT",,img_000_.jpg,img_000_.jpg
"61 N Williams Cir Morgan, UT",,img_000_.jpg,img_000_.jpg
"75 N Williams Cir Morgan, UT",,img_000_.jpg,img_000_.jpg
"91 N Williams Cir Morgan, UT",,img_000_.jpg,img_000_.jpg
"350 E 100 N Morgan, UT",,img_000_.jpg,img_000_.jpg
"322 E 100 N Morgan, UT",,img_000_.jpg,img_000_.jpg
"306 N 300 E Morgan, UT",,img_000_.jpg,img_000_.jpg
"610 E 100 S Morgan, UT",,img_000_.jpg,img_000_.jpg
"654 E Red Rock Way Morgan, UT",,img_000_.jpg,img_000_.jpg
"642 E Red Rock Way Morgan, UT",,img_000_.jpg,img_000_.jpg
"620 E Red Rock Way Morgan, UT",,img_000_.jpg,img_000_.jpg
"598 E Red Rock Way Morgan, UT",,img_000_.jpg,img_000_.jpg
"586 E Red Rock Way Morgan, UT",,img_000_.jpg,img_000_.jpg
"574 E Red Rock Way Morgan, UT",,img_000_.jpg,img_000_.jpg
"552 E Red Rock Way Morgan, UT",,img_000_.jpg,img_000_.jpg
"544 E Red Rock Way Morgan, UT",,img_000_.jpg,img_000_.jpg
"532 E Red Rock Way Morgan, UT",,img_000_.jpg,img_000_.jpg
"473 E Ridgeline Dr Morgan, UT",,img_000_.jpg,img_000_.jpg
"539 E Ridgeline Dr Morgan, UT",,img_000_.jpg,img_000_.jpg
"557 E Ridgeline Dr Morgan, UT",,img_000_.jpg,img_000_.jpg
"573 E Ridgeline Dr Morgan, UT",,img_000_.jpg,img_000_.jpg
"601 E Ridgeline Dr Morgan, UT",,img_000_.jpg,img_000_.jpg
"568 E Ridgeline Dr Morgan, UT",,img_000_.jpg,img_000_.jpg
"542 E Ridgeline Dr Morgan, UT",,img_000_.jpg,img_000_.jpg
"496 E Ridgeline Dr Morgan, UT",,img_000_.jpg,img_000_.jpg
"482 E Ridgeline Dr Morgan, UT",,img_000_.jpg,img_000_.jpg
"488 E Ridgeline Dr Morgan, UT",,img_000_.jpg,img_000_.jpg
"464 E Ridgeline Dr Morgan, UT",,img_000_.jpg,img_000_.jpg
"442 E Ridgeline Dr Morgan, UT",,img_000_.jpg,img_000_.jpg
"499 E Imperial Dr Morgan, UT",,img_000_.jpg,img_000_.jpg
"463 E Imperial Dr Morgan, UT",,img_000_.jpg,img_000_.jpg
"475 E Imperial Dr Morgan, UT",,img_000_.jpg,img_000_.jpg
"445 E Imperial Dr Morgan, UT",,img_000_.jpg,img_000_.jpg
"441 E Imperial Dr Morgan, UT",,img_000_.jpg,img_000_.jpg
"427 E Imperial Dr Morgan, UT",,img_000_.jpg,img_000_.jpg
"435 E Imperial Dr Morgan, UT",,img_000_.jpg,img_000_.jpg
"330 E Imperial Dr Morgan, UT",,img_000_.jpg,img_000_.jpg
"366 E Imperial Dr Morgan, UT",,img_000_.jpg,img_000_.jpg
"384 E Imperial Dr Morgan, UT",,img_000_.jpg,img_000_.jpg
"412 E Imperial Dr Morgan, UT",,img_000_.jpg,img_000_.jpg
"426 E Imperial Dr Morgan, UT",,img_000_.jpg,img_000_.jpg
"432 E Imperial Dr Morgan, UT",,img_000_.jpg,img_000_.jpg
"444 E Imperial Dr Morgan, UT",,img_000_.jpg,img_000_.jpg
"450 E Imperial Dr Morgan, UT",,img_000_.jpg,img_000_.jpg
"458 E Imperial Dr Morgan, UT",,img_000_.jpg,img_000_.jpg
"470 E Imperial Dr Morgan, UT",,img_000_.jpg,img_000_.jpg
"494 E Imperial Dr Morgan, UT",,img_000_.jpg,img_000_.jpg
"526 E Imperial Dr Morgan, UT",,img_000_.jpg,img_000_.jpg
"530 E Imperial Dr Morgan, UT",,img_000_.jpg,img_000_.jpg
"534 E Imperial Dr Morgan, UT",,img_000_.jpg,img_000_.jpg
"540 E 100 S Morgan, UT",,img_000_.jpg,img_000_.jpg
"556 E 100 S Morgan, UT",,img_000_.jpg,img_000_.jpg
"419 E Imperial Dr Morgan, UT",,img_000_.jpg,img_000_.jpg
"401 E Imperial Dr Morgan, UT",,img_000_.jpg,img_000_.jpg
"375 E Imperial Dr Morgan, UT",,img_000_.jpg,img_000_.jpg
"353 E Deer Valley Dr Morgan, UT",,img_000_.jpg,img_000_.jpg
"410 E Deer Valley Dr Morgan, UT",,img_000_.jpg,img_000_.jpg
"422 E Deer Valley Dr Morgan, UT",,img_000_.jpg,img_000_.jpg
"430 E Deer Valley Dr Morgan, UT",,img_000_.jpg,img_000_.jpg
"235 S State St Morgan, UT",,img_000_.jpg,img_000_.jpg
"203 S State St Morgan, UT",,img_000_.jpg,img_000_.jpg
"177 S State St Morgan, UT",,img_000_.jpg,img_000_.jpg
"165 S State St Morgan, UT",,img_000_.jpg,img_000_.jpg
"145 S State St Morgan, UT",,img_000_.jpg,img_000_.jpg
"123 S State St Morgan, UT",,img_000_.jpg,img_000_.jpg
"105 S State St Morgan, UT",,img_000_.jpg,img_000_.jpg
"60 E 100 S Morgan, UT",,img_000_.jpg,img_000_.jpg
"72 E 100 S Morgan, UT",,img_000_.jpg,img_000_.jpg
"94 E 100 S Morgan, UT",,img_000_.jpg,img_000_.jpg
"144 S 100 E Morgan, UT",,img_000_.jpg,img_000_.jpg
"152 S 100 E Morgan, UT",,img_000_.jpg,img_000_.jpg
"171 S 100 E Morgan, UT",,img_000_.jpg,img_000_.jpg
"155 S 100 E Morgan, UT",,img_000_.jpg,img_000_.jpg
"131 S 100 E Morgan, UT",,img_000_.jpg,img_000_.jpg
"116 E 100 S Morgan, UT",,img_000_.jpg,img_000_.jpg
"148 E 100 S Morgan, UT",,img_000_.jpg,img_000_.jpg
"112 S Circle Dr Morgan, UT",,img_000_.jpg,img_000_.jpg
"124 S Circle Dr Morgan, UT",,img_000_.jpg,img_000_.jpg
"136 S Circle Dr Morgan, UT",,img_000_.jpg,img_000_.jpg
"148 S Circle Dr Morgan, UT",,img_000_.jpg,img_000_.jpg
"150 S Circle Dr Morgan, UT",,img_000_.jpg,img_000_.jpg
"153 S Circle Dr Morgan, UT",,img_000_.jpg,img_000_.jpg
"145 S Circle Dr Morgan, UT",,img_000_.jpg,img_000_.jpg
"135 S Circle Dr Morgan, UT",,img_000_.jpg,img_000_.jpg
"127 S Circle Dr Morgan, UT",,img_000_.jpg,img_000_.jpg
"115 S Circle Dr Morgan, UT",,img_000_.jpg,img_000_.jpg
"248 E 100 S Morgan, UT",,img_000_.jpg,img_000_.jpg
"266 E 100 S Morgan, UT",,img_000_.jpg,img_000_.jpg
"11 S 200 E Morgan, UT",,img_000_.jpg,img_000_.jpg
"21 S 200 E Morgan, UT",,img_000_.jpg,img_000_.jpg
"39 S 200 E Morgan, UT",,img_000_.jpg,img_000_.jpg
"45 S 200 E Morgan, UT",,img_000_.jpg,img_000_.jpg
"65 S 200 E Morgan, UT",,img_000_.jpg,img_000_.jpg
"85 S 200 E Morgan, UT",,img_000_.jpg,img_000_.jpg
"215 E 100 S Morgan, UT",,img_000_.jpg,img_000_.jpg
"237 E 100 S Morgan, UT",,img_000_.jpg,img_000_.jpg
"265 E 100 S Morgan, UT",,img_000_.jpg,img_000_.jpg
"275 E 100 S Morgan, UT",,img_000_.jpg,img_000_.jpg
"315 E 100 S Morgan, UT",,img_000_.jpg,img_000_.jpg
"323 E 100 S Morgan, UT",,img_000_.jpg,img_000_.jpg
"325 E 100 S Morgan, UT",,img_000_.jpg,img_000_.jpg
"347 E 100 S Morgan, UT",,img_000_.jpg,img_000_.jpg
"355 E 100 S Morgan, UT",,img_000_.jpg,img_000_.jpg
"22 S 200 E Morgan, UT",,img_000_.jpg,img_000_.jpg
"40 S 200 E Morgan, UT",,img_000_.jpg,img_000_.jpg
"56 S 200 E Morgan, UT",,img_000_.jpg,img_000_.jpg
"66 S 200 E Morgan, UT",,img_000_.jpg,img_000_.jpg
"74 S 200 E Morgan, UT",,img_000_.jpg,img_000_.jpg
"80 S 200 E Morgan, UT",,img_000_.jpg,img_000_.jpg
"191 E 100 S Morgan, UT",,img_000_.jpg,img_000_.jpg
"179 E 100 S Morgan, UT",,img_000_.jpg,img_000_.jpg
"157 E 100 S Morgan, UT",,img_000_.jpg,img_000_.jpg
"111 S 100 E Morgan, UT",,img_000_.jpg,img_000_.jpg
"61 S 100 E Morgan, UT",,img_000_.jpg,img_000_.jpg
"39 S 100 E Morgan, UT",,img_000_.jpg,img_000_.jpg
"31 S 100 E Morgan, UT",,img_000_.jpg,img_000_.jpg
"114 E Young St Morgan, UT",,img_000_.jpg,img_000_.jpg
"195 E 100 N Morgan, UT",,img_000_.jpg,img_000_.jpg
"129 E 100 N Morgan, UT",,img_000_.jpg,img_000_.jpg
"127 E 100 N Morgan, UT",,img_000_.jpg,img_000_.jpg
"111 E 100 N Morgan, UT",,img_000_.jpg,img_000_.jpg
"75 E 100 N Morgan, UT",,img_000_.jpg,img_000_.jpg
"57 E 100 N Morgan, UT",,img_000_.jpg,img_000_.jpg
"120 N State St Morgan, UT",,img_000_.jpg,img_000_.jpg
"142 N State St Morgan, UT",,img_000_.jpg,img_000_.jpg
"166 N State St Morgan, UT",,img_000_.jpg,img_000_.jpg
"188 E River View Dr Morgan, UT",,img_000_.jpg,img_000_.jpg
"198 N State St Morgan, UT",,img_000_.jpg,img_000_.jpg
"210 E River View Dr Morgan, UT",,img_000_.jpg,img_000_.jpg
"250 N State St Morgan, UT",,img_000_.jpg,img_000_.jpg
"104 S State St Morgan, UT",,img_000_.jpg,img_000_.jpg
"120 S State St Morgan, UT",,img_000_.jpg,img_000_.jpg
"132 S State St Morgan, UT",,img_000_.jpg,img_000_.jpg
"146 S State St Morgan, UT",,img_000_.jpg,img_000_.jpg
"154 S State St Morgan, UT",,img_000_.jpg,img_000_.jpg
"172 S State St Morgan, UT",,img_000_.jpg,img_000_.jpg
"188 S State St Morgan, UT",,img_000_.jpg,img_000_.jpg
"200 S State St Morgan, UT",,img_000_.jpg,img_000_.jpg
"78 W 200 S Morgan, UT",,img_000_.jpg,img_000_.jpg
"92 W 200 S Morgan, UT",,img_000_.jpg,img_000_.jpg
"183 S 100 W Morgan, UT",,img_000_.jpg,img_000_.jpg
"175 S 100 W Morgan, UT",,img_000_.jpg,img_000_.jpg
"161 S 100 W Morgan, UT",,img_000_.jpg,img_000_.jpg
"155 S 100 W Morgan, UT",,img_000_.jpg,img_000_.jpg
"125 S 100 W Morgan, UT",,img_000_.jpg,img_000_.jpg
"95 W 100 S Morgan, UT",,img_000_.jpg,img_000_.jpg
"55 W 100 S Morgan, UT",,img_000_.jpg,img_000_.jpg
"258 W 200 S Morgan, UT",,img_000_.jpg,img_000_.jpg
"234 W 200 S Morgan, UT",,img_000_.jpg,img_000_.jpg
"108 W 200 S Morgan, UT",,img_000_.jpg,img_000_.jpg
"126 W 200 S Morgan, UT",,img_000_.jpg,img_000_.jpg
"140 W 200 S Morgan, UT",,img_000_.jpg,img_000_.jpg
"152 W 200 S Morgan, UT",,img_000_.jpg,img_000_.jpg
"174 W 200 S Morgan, UT",,img_000_.jpg,img_000_.jpg
"186 W 200 S Morgan, UT",,img_000_.jpg,img_000_.jpg
"202 W 200 S Morgan, UT",,img_000_.jpg,img_000_.jpg
"220 W 200 S Morgan, UT",,img_000_.jpg,img_000_.jpg
"105 W 150 N Morgan, UT",,img_000_.jpg,img_000_.jpg
"123 W 150 N Morgan, UT",,img_000_.jpg,img_000_.jpg
"137 W 150 N Morgan, UT",,img_000_.jpg,img_000_.jpg
"149 W 150 N Morgan, UT",,img_000_.jpg,img_000_.jpg
"165 W 150 N Morgan, UT",,img_000_.jpg,img_000_.jpg
"179 W 150 N Morgan, UT",,img_000_.jpg,img_000_.jpg
"191 W 150 N Morgan, UT",,img_000_.jpg,img_000_.jpg
"182 W 150 N Morgan, UT",,img_000_.jpg,img_000_.jpg
"168 W 150 N Morgan, UT",,img_000_.jpg,img_000_.jpg
"154 W 150 N Morgan, UT",,img_000_.jpg,img_000_.jpg
"136 W 150 N Morgan, UT",,img_000_.jpg,img_000_.jpg
"152 S 100 W Morgan, UT",,img_000_.jpg,img_000_.jpg
"134 S 100 W Morgan, UT",,img_000_.jpg,img_000_.jpg
"115 W 100 S Morgan, UT",,img_000_.jpg,img_000_.jpg
"145 W 100 S Morgan, UT",,img_000_.jpg,img_000_.jpg
"187 W 100 S Morgan, UT",,img_000_.jpg,img_000_.jpg
"197 W 100 S Morgan, UT",,img_000_.jpg,img_000_.jpg
"26 S 100 W Morgan, UT",,img_000_.jpg,img_000_.jpg
"32 S 100 W Morgan, UT",,img_000_.jpg,img_000_.jpg
"70 S 100 W Morgan, UT",,img_000_.jpg,img_000_.jpg
"80 S 100 W Morgan, UT",,img_000_.jpg,img_000_.jpg
"94 W 100 S Morgan, UT",,img_000_.jpg,img_000_.jpg
"87 S 200 W Morgan, UT",,img_000_.jpg,img_000_.jpg
"79 S 200 W Morgan, UT",,img_000_.jpg,img_000_.jpg
"51 S 200 W Morgan, UT",,img_000_.jpg,img_000_.jpg
"39 S 200 W Morgan, UT",,img_000_.jpg,img_000_.jpg
"195 S 200 W Morgan, UT",,img_000_.jpg,img_000_.jpg
"173 W Young St Morgan, UT",,img_000_.jpg,img_000_.jpg
"153 W Young St Morgan, UT",,img_000_.jpg,img_000_.jpg
"133 W Young St Morgan, UT",,img_000_.jpg,img_000_.jpg
"203 W 100 S Morgan, UT",,img_000_.jpg,img_000_.jpg
"213 W 100 S Morgan, UT",,img_000_.jpg,img_000_.jpg
"235 W 100 S Morgan, UT",,img_000_.jpg,img_000_.jpg
"275 S 300 W Morgan, UT",,img_000_.jpg,img_000_.jpg
"299 W 100 S Morgan, UT",,img_000_.jpg,img_000_.jpg
"30 S 200 W Morgan, UT",,img_000_.jpg,img_000_.jpg
"42 S 200 W Morgan, UT",,img_000_.jpg,img_000_.jpg
"44 S 200 W Morgan, UT",,img_000_.jpg,img_000_.jpg
"86 S 200 W Morgan, UT",,img_000_.jpg,img_000_.jpg
"94 S 200 W Morgan, UT",,img_000_.jpg,img_000_.jpg
"240 W 100 S Morgan, UT",,img_000_.jpg,img_000_.jpg
"93 S 300 W Morgan, UT",,img_000_.jpg,img_000_.jpg
"75 S 300 W Morgan, UT",,img_000_.jpg,img_000_.jpg
"297 W Young St Morgan, UT",,img_000_.jpg,img_000_.jpg
"271 W Young St Morgan, UT",,img_000_.jpg,img_000_.jpg
"14 S 300 W Morgan, UT",,img_000_.jpg,img_000_.jpg
"26 S 300 W Morgan, UT",,img_000_.jpg,img_000_.jpg
"48 S 300 W Morgan, UT",,img_000_.jpg,img_000_.jpg
"56 S 300 W Morgan, UT",,img_000_.jpg,img_000_.jpg
"60 S 300 W Morgan, UT",,img_000_.jpg,img_000_.jpg
"96 S 300 W Morgan, UT",,img_000_.jpg,img_000_.jpg
"95 S 360 W Morgan, UT",,img_000_.jpg,img_000_.jpg
"77 S 360 W Morgan, UT",,img_000_.jpg,img_000_.jpg
"59 S 360 W Morgan, UT",,img_000_.jpg,img_000_.jpg
"35 S 360 W Morgan, UT",,img_000_.jpg,img_000_.jpg
"15 S 360 W Morgan, UT",,img_000_.jpg,img_000_.jpg
"96 S 360 W Morgan, UT",,img_000_.jpg,img_000_.jpg
"66 S 360 W Morgan, UT",,img_000_.jpg,img_000_.jpg
"48 S 360 W Morgan, UT",,img_000_.jpg,img_000_.jpg
"40 S 360 W Morgan, UT",,img_000_.jpg,img_000_.jpg
"18 S 360 W Morgan, UT",,img_000_.jpg,img_000_.jpg
"437 W Young St Morgan, UT",,img_000_.jpg,img_000_.jpg
"42 S Sherrie St Morgan, UT",,img_000_.jpg,img_000_.jpg
"50 S Sherrie St Morgan, UT",,img_000_.jpg,img_000_.jpg
"436 W Sherrie St Morgan, UT",,img_000_.jpg,img_000_.jpg
"458 W Sherrie St Morgan, UT",,img_000_.jpg,img_000_.jpg
"474 W Sherrie St Morgan, UT",,img_000_.jpg,img_000_.jpg
"490 W Sherrie St Morgan, UT",,img_000_.jpg,img_000_.jpg
"498 W Sherrie St Morgan, UT",,img_000_.jpg,img_000_.jpg
"508 W Sherrie St Morgan, UT",,img_000_.jpg,img_000_.jpg
"47 S Valarie St Morgan, UT",,img_000_.jpg,img_000_.jpg
"31 S Valarie St Morgan, UT",,img_000_.jpg,img_000_.jpg
"15 S Valarie St Morgan, UT",,img_000_.jpg,img_000_.jpg
"537 W Young St Morgan, UT",,img_000_.jpg,img_000_.jpg
"28 S Valarie St Morgan, UT",,img_000_.jpg,img_000_.jpg
"38 S Valarie St Morgan, UT",,img_000_.jpg,img_000_.jpg
"58 S Valarie St Morgan, UT",,img_000_.jpg,img_000_.jpg
"78 S Valarie St Morgan, UT",,img_000_.jpg,img_000_.jpg
"92 S Valarie St Morgan, UT",,img_000_.jpg,img_000_.jpg
"507 S Valarie St Morgan, UT",,img_000_.jpg,img_000_.jpg
"497 W Sherrie St Morgan, UT",,img_000_.jpg,img_000_.jpg
"471 W Sherrie St Morgan, UT",,img_000_.jpg,img_000_.jpg
"457 W Sherrie St Morgan, UT",,img_000_.jpg,img_000_.jpg
"441 W Sherrie St Morgan, UT",,img_000_.jpg,img_000_.jpg
"89 S Sherrie St Morgan, UT",,img_000_.jpg,img_000_.jpg
"83 S Sherrie St Morgan, UT",,img_000_.jpg,img_000_.jpg
"63 S Sherrie St Morgan, UT",,img_000_.jpg,img_000_.jpg
"45 S Sherrie St Morgan, UT",,img_000_.jpg,img_000_.jpg
"31 S Sherrie St Morgan, UT",,img_000_.jpg,img_000_.jpg
"13 S Sherrie St Morgan, UT",,img_000_.jpg,img_000_.jpg
"15 S Scott Cir Morgan, UT",,img_000_.jpg,img_000_.jpg
"25 S Scott Cir Morgan, UT",,img_000_.jpg,img_000_.jpg
"39 S Scott Cir Morgan, UT",,img_000_.jpg,img_000_.jpg
"47 S Scott Cir Morgan, UT",,img_000_.jpg,img_000_.jpg
"42 S Scott Cir Morgan, UT",,img_000_.jpg,img_000_.jpg
"28 S Scott Cir Morgan, UT",,img_000_.jpg,img_000_.jpg
"14 S Scott Cir Morgan, UT",,img_000_.jpg,img_000_.jpg
"511 W Young St Morgan, UT",,img_000_.jpg,img_000_.jpg
"459 W Young St Morgan, UT",,img_000_.jpg,img_000_.jpg
"559 W Young St Morgan, UT",,img_000_.jpg,img_000_.jpg
"581 W Young St Morgan, UT",,img_000_.jpg,img_000_.jpg
"603 W Young St Morgan, UT",,img_000_.jpg,img_000_.jpg
"625 W Young St Morgan, UT",,img_000_.jpg,img_000_.jpg
"707 W Young St Morgan, UT",,img_000_.jpg,img_000_.jpg
"209 S Hound St Morgan, UT",,img_000_.jpg,img_000_.jpg
"225 S Hound St Morgan, UT",,img_000_.jpg,img_000_.jpg
"237 S Hound St Morgan, UT",,img_000_.jpg,img_000_.jpg
"249 S Hound St Morgan, UT",,img_000_.jpg,img_000_.jpg
"251 S Hound St Morgan, UT",,img_000_.jpg,img_000_.jpg
"255 S Hound St Morgan, UT",,img_000_.jpg,img_000_.jpg
"263 S Hound St Morgan, UT",,img_000_.jpg,img_000_.jpg
"267 S Hound St Morgan, UT",,img_000_.jpg,img_000_.jpg
"281 S Hound St Morgan, UT",,img_000_.jpg,img_000_.jpg
"293 S Hound St Morgan, UT",,img_000_.jpg,img_000_.jpg
"309 S Hound St Morgan, UT",,img_000_.jpg,img_000_.jpg
"315 S Hound St Morgan, UT",,img_000_.jpg,img_000_.jpg
"323 S Hound St Morgan, UT",,img_000_.jpg,img_000_.jpg
"337 S Hound St Morgan, UT",,img_000_.jpg,img_000_.jpg
"341 S Hound St Morgan, UT",,img_000_.jpg,img_000_.jpg
"349 S Hound St Morgan, UT",,img_000_.jpg,img_000_.jpg
"355 S Hound St Morgan, UT",,img_000_.jpg,img_000_.jpg
"348 S Hound St Morgan, UT",,img_000_.jpg,img_000_.jpg
"344 S Hound St Morgan, UT",,img_000_.jpg,img_000_.jpg
"338 S Hound St Morgan, UT",,img_000_.jpg,img_000_.jpg
"316 S Hound St Morgan, UT",,img_000_.jpg,img_000_.jpg
"312 S Hound St Morgan, UT",,img_000_.jpg,img_000_.jpg
"294 S Hound St Morgan, UT",,img_000_.jpg,img_000_.jpg
"288 S Hound St Morgan, UT",,img_000_.jpg,img_000_.jpg
"272 S Hound St Morgan, UT",,img_000_.jpg,img_000_.jpg
"264 S Hound St Morgan, UT",,img_000_.jpg,img_000_.jpg
"260 S Hound St Morgan, UT",,img_000_.jpg,img_000_.jpg
"258 S Hound St Morgan, UT",,img_000_.jpg,img_000_.jpg
"246 S Hound St Morgan, UT",,img_000_.jpg,img_000_.jpg
"232 S Hound St Morgan, UT",,img_000_.jpg,img_000_.jpg
"220 S Hound St Morgan, UT",,img_000_.jpg,img_000_.jpg
"204 S Hound St Morgan, UT",,img_000_.jpg,img_000_.jpg
"224 S Fox Dr Morgan, UT",,img_000_.jpg,img_000_.jpg
"246 S Fox Dr Morgan, UT",,img_000_.jpg,img_000_.jpg
"248 S Fox Dr Morgan, UT",,img_000_.jpg,img_000_.jpg
"254 S Fox Dr Morgan, UT",,img_000_.jpg,img_000_.jpg
"262 S Fox Dr Morgan, UT",,img_000_.jpg,img_000_.jpg
"278 S Fox Dr Morgan, UT",,img_000_.jpg,img_000_.jpg
"289 S 300 W Morgan, UT",,img_000_.jpg,img_000_.jpg
"307 S Fox Dr Morgan, UT",,img_000_.jpg,img_000_.jpg
"305 S Fox Dr Morgan, UT",,img_000_.jpg,img_000_.jpg
"303 S Fox Dr Morgan, UT",,img_000_.jpg,img_000_.jpg
"295 S Fox Dr Morgan, UT",,img_000_.jpg,img_000_.jpg
"277 S Fox Dr Morgan, UT",,img_000_.jpg,img_000_.jpg
"269 S Fox Dr Morgan, UT",,img_000_.jpg,img_000_.jpg
"261 S Fox Dr Morgan, UT",,img_000_.jpg,img_000_.jpg
"253 S Fox Dr Morgan, UT",,img_000_.jpg,img_000_.jpg
"245 S Fox Dr Morgan, UT",,img_000_.jpg,img_000_.jpg
"237 S Fox Dr Morgan, UT",,img_000_.jpg,img_000_.jpg
"219 S Fox Dr Morgan, UT",,img_000_.jpg,img_000_.jpg
"203 S Fox Dr Morgan, UT",,img_000_.jpg,img_000_.jpg
"271 S 300 W Morgan, UT",,img_000_.jpg,img_000_.jpg
"255 S 300 W Morgan, UT",,img_000_.jpg,img_000_.jpg
"243 S 300 W Morgan, UT",,img_000_.jpg,img_000_.jpg
"239 S 300 W Morgan, UT",,img_000_.jpg,img_000_.jpg
"259 W 200 S Morgan, UT",,img_000_.jpg,img_000_.jpg
"177 W 200 S Morgan, UT",,img_000_.jpg,img_000_.jpg
"191 W 200 S Morgan, UT",,img_000_.jpg,img_000_.jpg
"209 W 200 S Morgan, UT",,img_000_.jpg,img_000_.jpg
"223 W 200 S Morgan, UT",,img_000_.jpg,img_000_.jpg
"237 W 200 S Morgan, UT",,img_000_.jpg,img_000_.jpg
"470 S State St Morgan, UT",,img_000_.jpg,img_000_.jpg
"468 S State St Morgan, UT",,img_000_.jpg,img_000_.jpg
"370 S State St Morgan, UT",,img_000_.jpg,img_000_.jpg
"352 S State St Morgan, UT",,img_000_.jpg,img_000_.jpg
"350 S State St Morgan, UT",,img_000_.jpg,img_000_.jpg
"342 S State St Morgan, UT",,img_000_.jpg,img_000_.jpg
"336 S State St Morgan, UT",,img_000_.jpg,img_000_.jpg
"306 S State St Morgan, UT",,img_000_.jpg,img_000_.jpg
"304 S State St Morgan, UT",,img_000_.jpg,img_000_.jpg
"294 S State St Morgan, UT",,img_000_.jpg,img_000_.jpg
"286 S State St Morgan, UT",,img_000_.jpg,img_000_.jpg
"280 S State St Morgan, UT",,img_000_.jpg,img_000_.jpg
"270 S State St Morgan, UT",,img_000_.jpg,img_000_.jpg
"262 S State St Morgan, UT",,img_000_.jpg,img_000_.jpg
"254 S State St Morgan, UT",,img_000_.jpg,img_000_.jpg
"246 S State St Morgan, UT",,img_000_.jpg,img_000_.jpg
"238 S State St Morgan, UT",,img_000_.jpg,img_000_.jpg
"347 S State St Morgan, UT",,img_000_.jpg,img_000_.jpg
"331 S State St Morgan, UT",,img_000_.jpg,img_000_.jpg
"321 S State St Morgan, UT",,img_000_.jpg,img_000_.jpg
"317 S State St Morgan, UT",,img_000_.jpg,img_000_.jpg
"309 S State St Morgan, UT",,img_000_.jpg,img_000_.jpg
"299 S State St Morgan, UT",,img_000_.jpg,img_000_.jpg
"305 S State St Morgan, UT",,img_000_.jpg,img_000_.jpg
"295 S State St Morgan, UT",,img_000_.jpg,img_000_.jpg
"273 S State St Morgan, UT",,img_000_.jpg,img_000_.jpg
"265 S State St Morgan, UT",,img_000_.jpg,img_000_.jpg
"95 N 100 W Morgan, UT",,img_000_.jpg,img_000_.jpg
"153 W 100 N Morgan, UT",,img_000_.jpg,img_000_.jpg
"163 W 100 N Morgan, UT",,img_000_.jpg,img_000_.jpg
"90 N 200 W Morgan, UT",,img_000_.jpg,img_000_.jpg
"70 N 200 W Morgan, UT",,img_000_.jpg,img_000_.jpg
"54 N 200 W Morgan, UT",,img_000_.jpg,img_000_.jpg
"40 N 200 W Morgan, UT",,img_000_.jpg,img_000_.jpg
"26 N 200 W Morgan, UT",,img_000_.jpg,img_000_.jpg
"28 N 200 W Morgan, UT",,img_000_.jpg,img_000_.jpg
"164 W Young St Morgan, UT",,img_000_.jpg,img_000_.jpg
"146 W Young St Morgan, UT",,img_000_.jpg,img_000_.jpg
"136 W Young St Morgan, UT",,img_000_.jpg,img_000_.jpg
"126 W Young St Morgan, UT",,img_000_.jpg,img_000_.jpg
"91 N 200 W Morgan, UT",,img_000_.jpg,img_000_.jpg
"81 N 200 W Morgan, UT",,img_000_.jpg,img_000_.jpg
"71 N 200 W Morgan, UT",,img_000_.jpg,img_000_.jpg
"47 N 200 W Morgan, UT",,img_000_.jpg,img_000_.jpg
"33 N 200 W Morgan, UT",,img_000_.jpg,img_000_.jpg
"210 W Young St Morgan, UT",,img_000_.jpg,img_000_.jpg
"230 W Young St Morgan, UT",,img_000_.jpg,img_000_.jpg
"240 W Young St Morgan, UT",,img_000_.jpg,img_000_.jpg
"270 W Young St Morgan, UT",,img_000_.jpg,img_000_.jpg
"298 W Young St Morgan, UT",,img_000_.jpg,img_000_.jpg
"22 N 300 W Morgan, UT",,img_000_.jpg,img_000_.jpg
"32 N 300 W Morgan, UT",,img_000_.jpg,img_000_.jpg
"40 N 300 W Morgan, UT",,img_000_.jpg,img_000_.jpg
"46 N 300 W Morgan, UT",,img_000_.jpg,img_000_.jpg
"50 N 300 W Morgan, UT",,img_000_.jpg,img_000_.jpg
"58 N 300 W Morgan, UT",,img_000_.jpg,img_000_.jpg
"295 W 100 N Morgan, UT",,img_000_.jpg,img_000_.jpg
"263 W 100 N Morgan, UT",,img_000_.jpg,img_000_.jpg
"245 W 100 N Morgan, UT",,img_000_.jpg,img_000_.jpg
"95 N 300 W Morgan, UT",,img_000_.jpg,img_000_.jpg
"75 N 300 W Morgan, UT",,img_000_.jpg,img_000_.jpg
"47 N 300 W Morgan, UT",,img_000_.jpg,img_000_.jpg
"45 N 300 W Morgan, UT",,img_000_.jpg,img_000_.jpg
"31 N 300 W Morgan, UT",,img_000_.jpg,img_000_.jpg
"21 N 300 W Morgan, UT",,img_000_.jpg,img_000_.jpg
"391 W 100 N Morgan, UT",,img_000_.jpg,img_000_.jpg
"92 N 375 W Morgan, UT",,img_000_.jpg,img_000_.jpg
"78 N 375 W Morgan, UT",,img_000_.jpg,img_000_.jpg
"76 N 375 W Morgan, UT",,img_000_.jpg,img_000_.jpg
"77 N 375 W Morgan, UT",,img_000_.jpg,img_000_.jpg
"393 W 100 N Morgan, UT",,img_000_.jpg,img_000_.jpg
"425 W 100 N Morgan, UT",,img_000_.jpg,img_000_.jpg
"76 N 435 W Morgan, UT",,img_000_.jpg,img_000_.jpg
"62 N 435 W Morgan, UT",,img_000_.jpg,img_000_.jpg
"48 N 435 W Morgan, UT",,img_000_.jpg,img_000_.jpg
"43 N 435 W Morgan, UT",,img_000_.jpg,img_000_.jpg
"57 N 435 W Morgan, UT",,img_000_.jpg,img_000_.jpg
"73 N 435 W Morgan, UT",,img_000_.jpg,img_000_.jpg
"445 W 100 N Morgan, UT",,img_000_.jpg,img_000_.jpg
"473 W 100 N Morgan, UT",,img_000_.jpg,img_000_.jpg
"493 W 100 N Morgan, UT",,img_000_.jpg,img_000_.jpg
"60 N Scott Dr Morgan, UT",,img_000_.jpg,img_000_.jpg
"490 W Jared Cir Morgan, UT",,img_000_.jpg,img_000_.jpg
"480 W Jared Cir Morgan, UT",,img_000_.jpg,img_000_.jpg
"472 W Jared Cir Morgan, UT",,img_000_.jpg,img_000_.jpg
"425 W Jared Cir Morgan, UT",,img_000_.jpg,img_000_.jpg
"22 N Scott Dr Morgan, UT",,img_000_.jpg,img_000_.jpg
"10 N Scott Dr Morgan, UT",,img_000_.jpg,img_000_.jpg
"470 W Young St Morgan, UT",,img_000_.jpg,img_000_.jpg
"444 W Young St Morgan, UT",,img_000_.jpg,img_000_.jpg
"432 W Young St Morgan, UT",,img_000_.jpg,img_000_.jpg
"398 W Young St Morgan, UT",,img_000_.jpg,img_000_.jpg
"394 W Young St Morgan, UT",,img_000_.jpg,img_000_.jpg
"350 W Young St Morgan, UT",,img_000_.jpg,img_000_.jpg
"348 W Young St Morgan, UT",,img_000_.jpg,img_000_.jpg
"760 W Young St Morgan, UT",,img_000_.jpg,img_000_.jpg
"702 W Young St Morgan, UT",,img_000_.jpg,img_000_.jpg
"670 W Young St Morgan, UT",,img_000_.jpg,img_000_.jpg
"650 W Young St Morgan, UT",,img_000_.jpg,img_000_.jpg
"632 W Young St Morgan, UT",,img_000_.jpg,img_000_.jpg
"612 W Young St Morgan, UT",,img_000_.jpg,img_000_.jpg
"578 W Young St Morgan, UT",,img_000_.jpg,img_000_.jpg
"540 W Young St Morgan, UT",,img_000_.jpg,img_000_.jpg
"530 W Young St Morgan, UT",,img_000_.jpg,img_000_.jpg
"15 N Scott Dr Morgan, UT",,img_000_.jpg,img_000_.jpg
"33 N Scott Dr Morgan, UT",,img_000_.jpg,img_000_.jpg
"535 W Derrick Cir Morgan, UT",,img_000_.jpg,img_000_.jpg
"553 W Derrick Cir Morgan, UT",,img_000_.jpg,img_000_.jpg
"565 W Derrick Cir Morgan, UT",,img_000_.jpg,img_000_.jpg
"591 W Derrick Cir Morgan, UT",,img_000_.jpg,img_000_.jpg
"615 W Derrick Cir Morgan, UT",,img_000_.jpg,img_000_.jpg
"625 W Derrick Cir Morgan, UT",,img_000_.jpg,img_000_.jpg
"630 W Derrick Cir Morgan, UT",,img_000_.jpg,img_000_.jpg
"610 W Derrick Cir Morgan, UT",,img_000_.jpg,img_000_.jpg
"590 W Derrick Cir Morgan, UT",,img_000_.jpg,img_000_.jpg
"576 W Derrick Cir Morgan, UT",,img_000_.jpg,img_000_.jpg
"556 W Derrick Cir Morgan, UT",,img_000_.jpg,img_000_.jpg
"542 W Derrick Cir Morgan, UT",,img_000_.jpg,img_000_.jpg
"536 W 150 N Morgan, UT",,img_000_.jpg,img_000_.jpg
"578 W 150 N Morgan, UT",,img_000_.jpg,img_000_.jpg
"594 W 150 N Morgan, UT",,img_000_.jpg,img_000_.jpg
"612 W 150 N Morgan, UT",,img_000_.jpg,img_000_.jpg
"636 W 150 N Morgan, UT",,img_000_.jpg,img_000_.jpg
"151 N 700 W Morgan, UT",,img_000_.jpg,img_000_.jpg
"722 W 150 N Morgan, UT",,img_000_.jpg,img_000_.jpg
"623 W 150 N Morgan, UT",,img_000_.jpg,img_000_.jpg
"607 W 150 N Morgan, UT",,img_000_.jpg,img_000_.jpg
"589 W 150 N Morgan, UT",,img_000_.jpg,img_000_.jpg
"557 W 150 N Morgan, UT",,img_000_.jpg,img_000_.jpg
"533 W 150 N Morgan, UT",,img_000_.jpg,img_000_.jpg
"133 N Scott Dr Morgan, UT",,img_000_.jpg,img_000_.jpg
"515 W 150 N Morgan, UT",,img_000_.jpg,img_000_.jpg
"132 N Scott Dr Morgan, UT",,img_000_.jpg,img_000_.jpg
"516 W 100 N Morgan, UT",,img_000_.jpg,img_000_.jpg
"496 W 100 N Morgan, UT",,img_000_.jpg,img_000_.jpg
"482 W 100 N Morgan, UT",,img_000_.jpg,img_000_.jpg
"468 W 100 N Morgan, UT",,img_000_.jpg,img_000_.jpg
"444 W 100 N Morgan, UT",,img_000_.jpg,img_000_.jpg
"432 W 100 N Morgan, UT",,img_000_.jpg,img_000_.jpg
"418 W 100 N Morgan, UT",,img_000_.jpg,img_000_.jpg
"404 W 100 N Morgan, UT",,img_000_.jpg,img_000_.jpg
"115 N 375 W Morgan, UT",,img_000_.jpg,img_000_.jpg
"387 W 150 N Morgan, UT",,img_000_.jpg,img_000_.jpg
"429 W 150 N Morgan, UT",,img_000_.jpg,img_000_.jpg
"441 W 150 N Morgan, UT",,img_000_.jpg,img_000_.jpg
"463 W 150 N Morgan, UT",,img_000_.jpg,img_000_.jpg
"487 W 150 N Morgan, UT",,img_000_.jpg,img_000_.jpg
"495 W 150 N Morgan, UT",,img_000_.jpg,img_000_.jpg
"384 W 150 N Morgan, UT",,img_000_.jpg,img_000_.jpg
"422 W 150 N Morgan, UT",,img_000_.jpg,img_000_.jpg
"438 W 150 N Morgan, UT",,img_000_.jpg,img_000_.jpg
"454 W 150 N Morgan, UT",,img_000_.jpg,img_000_.jpg
"476 W 150 N Morgan, UT",,img_000_.jpg,img_000_.jpg
"494 W 175 N Morgan, UT",,img_000_.jpg,img_000_.jpg
"491 W 175 N Morgan, UT",,img_000_.jpg,img_000_.jpg
"485 W 175 N Morgan, UT",,img_000_.jpg,img_000_.jpg
"473 W 175 N Morgan, UT",,img_000_.jpg,img_000_.jpg
"451 W 175 N Morgan, UT",,img_000_.jpg,img_000_.jpg
"417 W 175 N Morgan, UT",,img_000_.jpg,img_000_.jpg
"520 W 150 N Morgan, UT",,img_000_.jpg,img_000_.jpg
"512 W 175 N Morgan, UT",,img_000_.jpg,img_000_.jpg
"504 W 175 N Morgan, UT",,img_000_.jpg,img_000_.jpg
"490 W 175 N Morgan, UT",,img_000_.jpg,img_000_.jpg
"486 W 175 N Morgan, UT",,img_000_.jpg,img_000_.jpg
"480 W 175 N Morgan, UT",,img_000_.jpg,img_000_.jpg
"464 W 175 N Morgan, UT",,img_000_.jpg,img_000_.jpg
"448 W 175 N Morgan, UT",,img_000_.jpg,img_000_.jpg
"426 W 175 N Morgan, UT",,img_000_.jpg,img_000_.jpg
"412 W 175 N Morgan, UT",,img_000_.jpg,img_000_.jpg
"215 N 375 W Morgan, UT",,img_000_.jpg,img_000_.jpg
"224 N 375 W Morgan, UT",,img_000_.jpg,img_000_.jpg
"212 N 375 W Morgan, UT",,img_000_.jpg,img_000_.jpg
"166 N 375 W Morgan, UT",,img_000_.jpg,img_000_.jpg
"154 N 375 W Morgan, UT",,img_000_.jpg,img_000_.jpg
"364 W 150 N Morgan, UT",,img_000_.jpg,img_000_.jpg
"346 W 150 N Morgan, UT",,img_000_.jpg,img_000_.jpg
"328 W 150 N Morgan, UT",,img_000_.jpg,img_000_.jpg
"144 N 375 W Morgan, UT",,img_000_.jpg,img_000_.jpg
"122 N 375 W Morgan, UT",,img_000_.jpg,img_000_.jpg
"110 N 375 W Morgan, UT",,img_000_.jpg,img_000_.jpg
"111 N 300 W Morgan, UT",,img_000_.jpg,img_000_.jpg
"290 W 100 N Morgan, UT",,img_000_.jpg,img_000_.jpg
"264 W 100 N Morgan, UT",,img_000_.jpg,img_000_.jpg
"226 W 100 N Morgan, UT",,img_000_.jpg,img_000_.jpg
"212 W 100 N Morgan, UT",,img_000_.jpg,img_000_.jpg
"125 N 200 W Morgan, UT",,img_000_.jpg,img_000_.jpg
"167 N 200 W Morgan, UT",,img_000_.jpg,img_000_.jpg
"185 N 200 W Morgan, UT",,img_000_.jpg,img_000_.jpg
"194 N 300 W Morgan, UT",,img_000_.jpg,img_000_.jpg
"170 N 300 W Morgan, UT",,img_000_.jpg,img_000_.jpg
"150 N 300 W Morgan, UT",,img_000_.jpg,img_000_.jpg
"136 N 300 W Morgan, UT",,img_000_.jpg,img_000_.jpg
"132 N 300 W Morgan, UT",,img_000_.jpg,img_000_.jpg
"194 W 100 N Morgan, UT",,img_000_.jpg,img_000_.jpg
"162 W 100 N Morgan, UT",,img_000_.jpg,img_000_.jpg
"114 N 100 W Morgan, UT",,img_000_.jpg,img_000_.jpg
"153 N 100 W Morgan, UT",,img_000_.jpg,img_000_.jpg
"181 N 100 W Morgan, UT",,img_000_.jpg,img_000_.jpg
"161 W 200 N Morgan, UT",,img_000_.jpg,img_000_.jpg
"96 N 100 W Morgan, UT",,img_000_.jpg,img_000_.jpg
"84 W 100 N Morgan, UT",,img_000_.jpg,img_000_.jpg
"62 W 100 N Morgan, UT",,img_000_.jpg,img_000_.jpg
"125 N State St Morgan, UT",,img_000_.jpg,img_000_.jpg
"143 N State St Morgan, UT",,img_000_.jpg,img_000_.jpg
"23 W 150 N Morgan, UT",,img_000_.jpg,img_000_.jpg
"140 N 100 W Morgan, UT",,img_000_.jpg,img_000_.jpg
"? N State St Morgan, UT",,img_000_.jpg,img_000_.jpg
"167 N State St Morgan, UT",,img_000_.jpg,img_000_.jpg
"45 W 200 N Morgan, UT",,img_000_.jpg,img_000_.jpg
"67 W 200 N Morgan, UT",,img_000_.jpg,img_000_.jpg
"200 N 100 W Morgan, UT",,img_000_.jpg,img_000_.jpg
"174 N 100 W Morgan, UT",,img_000_.jpg,img_000_.jpg
"168 W 150 N Morgan, UT",,img_000_.jpg,img_000_.jpg
"64 W 200 N Morgan, UT",,img_000_.jpg,img_000_.jpg
"82 W 200 N Morgan, UT",,img_000_.jpg,img_000_.jpg
"84 W 200 N Morgan, UT",,img_000_.jpg,img_000_.jpg
"128 W 200 N Morgan, UT",,img_000_.jpg,img_000_.jpg
"152 W 200 N Morgan, UT",,img_000_.jpg,img_000_.jpg
"182 W 200 N Morgan, UT",,img_000_.jpg,img_000_.jpg
"212 W 200 N Morgan, UT",,img_000_.jpg,img_000_.jpg
"246 W 200 N Morgan, UT",,img_000_.jpg,img_000_.jpg
"294 W 200 N Morgan, UT",,img_000_.jpg,img_000_.jpg
"296 W 200 N Morgan, UT",,img_000_.jpg,img_000_.jpg
"250 N 300 W Morgan, UT",,img_000_.jpg,img_000_.jpg
"270 N 300 W Morgan, UT",,img_000_.jpg,img_000_.jpg
"292 N 300 W Morgan, UT",,img_000_.jpg,img_000_.jpg
"306 N 300 W Morgan, UT",,img_000_.jpg,img_000_.jpg
"330 N 300 W Morgan, UT",,img_000_.jpg,img_000_.jpg
"350 N 300 W Morgan, UT",,img_000_.jpg,img_000_.jpg
"358 N 300 W Morgan, UT",,img_000_.jpg,img_000_.jpg
"360 N 300 W Morgan, UT",,img_000_.jpg,img_000_.jpg
"370 N 300 W Morgan, UT",,img_000_.jpg,img_000_.jpg
"390 N 300 W Morgan, UT",,img_000_.jpg,img_000_.jpg
"400 N 300 W Morgan, UT",,img_000_.jpg,img_000_.jpg
"410 N 300 W Morgan, UT",,img_000_.jpg,img_000_.jpg
"420 N 300 W Morgan, UT",,img_000_.jpg,img_000_.jpg
"430 N 300 W Morgan, UT",,img_000_.jpg,img_000_.jpg
"440 N 300 W Morgan, UT",,img_000_.jpg,img_000_.jpg
"460 N 300 W Morgan, UT",,img_000_.jpg,img_000_.jpg
"485 N 300 W Morgan, UT",,img_000_.jpg,img_000_.jpg
"477 N 300 W Morgan, UT",,img_000_.jpg,img_000_.jpg
"451 N 300 W Morgan, UT",,img_000_.jpg,img_000_.jpg
"435 N 300 W Morgan, UT",,img_000_.jpg,img_000_.jpg
"429 N 300 W Morgan, UT",,img_000_.jpg,img_000_.jpg
"415 N 300 W Morgan, UT",,img_000_.jpg,img_000_.jpg
"405 N 300 W Morgan, UT",,img_000_.jpg,img_000_.jpg
"399 N 300 W Morgan, UT",,img_000_.jpg,img_000_.jpg
"385 N 300 W Morgan, UT",,img_000_.jpg,img_000_.jpg
"364 W Larkspur Ln Morgan, UT",,img_000_.jpg,img_000_.jpg
"378 W Larkspur Ln Morgan, UT",,img_000_.jpg,img_000_.jpg
"392 W Larkspur Ln Morgan, UT",,img_000_.jpg,img_000_.jpg
"404 W Larkspur Ln Morgan, UT",,img_000_.jpg,img_000_.jpg
"406 W Larkspur Ln Morgan, UT",,img_000_.jpg,img_000_.jpg
"412 W Larkspur Ln Morgan, UT",,img_000_.jpg,img_000_.jpg
"409 W Larkspur Ln Morgan, UT",,img_000_.jpg,img_000_.jpg
"407 W Larkspur Ln Morgan, UT",,img_000_.jpg,img_000_.jpg
"405 W Larkspur Ln Morgan, UT",,img_000_.jpg,img_000_.jpg
"377 W Larkspur Ln Morgan, UT",,img_000_.jpg,img_000_.jpg
"353 W Larkspur Ln Morgan, UT",,img_000_.jpg,img_000_.jpg
"369 N 300 W Morgan, UT",,img_000_.jpg,img_000_.jpg
"355 N 300 W Morgan, UT",,img_000_.jpg,img_000_.jpg
"319 N 300 W Morgan, UT",,img_000_.jpg,img_000_.jpg
"315 N 300 W Morgan, UT",,img_000_.jpg,img_000_.jpg
"283 N 300 W Morgan, UT",,img_000_.jpg,img_000_.jpg
"265 N 300 W Morgan, UT",,img_000_.jpg,img_000_.jpg
"241 N 300 W Morgan, UT",,img_000_.jpg,img_000_.jpg
"217 N 300 W Morgan, UT",,img_000_.jpg,img_000_.jpg
"211 N 300 W Morgan, UT",,img_000_.jpg,img_000_.jpg
"201 N 300 W Morgan, UT",,img_000_.jpg,img_000_.jpg
"400 N Webster Dr Morgan, UT",,img_000_.jpg,img_000_.jpg
"540 N Webster Dr Morgan, UT",,img_000_.jpg,img_000_.jpg
"590 N Webster Dr Morgan, UT",,img_000_.jpg,img_000_.jpg
"610 N Webster Dr Morgan, UT",,img_000_.jpg,img_000_.jpg
"481 W Island Rd Morgan, UT",,img_000_.jpg,img_000_.jpg
"475 W Island Rd Morgan, UT",,img_000_.jpg,img_000_.jpg
"457 W Island Rd Morgan, UT",,img_000_.jpg,img_000_.jpg
"445 W Island Rd Morgan, UT",,img_000_.jpg,img_000_.jpg
"435 W Island Rd Morgan, UT",,img_000_.jpg,img_000_.jpg
"411 W Island Rd Morgan, UT",,img_000_.jpg,img_000_.jpg
"591 N 400 W Morgan, UT",,img_000_.jpg,img_000_.jpg
"583 N 400 W Morgan, UT",,img_000_.jpg,img_000_.jpg
"565 N 400 W Morgan, UT",,img_000_.jpg,img_000_.jpg
"539 N 400 W Morgan, UT",,img_000_.jpg,img_000_.jpg
"521 N 400 W Morgan, UT",,img_000_.jpg,img_000_.jpg
"381 W Island Rd Morgan, UT",,img_000_.jpg,img_000_.jpg
"379 W Island Rd Morgan, UT",,img_000_.jpg,img_000_.jpg
"355 W Island Rd Morgan, UT",,img_000_.jpg,img_000_.jpg
"333 W Island Rd Morgan, UT",,img_000_.jpg,img_000_.jpg
"321 W Island Rd Morgan, UT",,img_000_.jpg,img_000_.jpg
"525 N 300 W Morgan, UT",,img_000_.jpg,img_000_.jpg
"655 W Island Rd Morgan, UT",,img_000_.jpg,img_000_.jpg
"643 W Island Rd Morgan, UT",,img_000_.jpg,img_000_.jpg
"581 W Island Rd Morgan, UT",,img_000_.jpg,img_000_.jpg
"573 W Island Rd Morgan, UT",,img_000_.jpg,img_000_.jpg
"565 W Island Rd Morgan, UT",,img_000_.jpg,img_000_.jpg
"711 N Meadow Creek Way Morgan, UT",,img_000_.jpg,img_000_.jpg
"679 N Meadow Creek Way Morgan, UT",,img_000_.jpg,img_000_.jpg
"665 N Meadow Creek Way Morgan, UT",,img_000_.jpg,img_000_.jpg
"651 N Meadow Creek Way Morgan, UT",,img_000_.jpg,img_000_.jpg
"647 N Meadow Creek Way Morgan, UT",,img_000_.jpg,img_000_.jpg
"637 N Meadow Creek Way Morgan, UT",,img_000_.jpg,img_000_.jpg
"627 N Meadow Creek Way Morgan, UT",,img_000_.jpg,img_000_.jpg
"702 N Meadow Creek Way Morgan, UT",,img_000_.jpg,img_000_.jpg
"515 W Island Rd Morgan, UT",,img_000_.jpg,img_000_.jpg
"505 W Island Rd Morgan, UT",,img_000_.jpg,img_000_.jpg
"501 W Island Rd Morgan, UT",,img_000_.jpg,img_000_.jpg
"326 W Island Rd Morgan, UT",,img_000_.jpg,img_000_.jpg
"340 W Island Rd Morgan, UT",,img_000_.jpg,img_000_.jpg
"386 W Island Rd Morgan, UT",,img_000_.jpg,img_000_.jpg
"468 W Island Rd Morgan, UT",,img_000_.jpg,img_000_.jpg
"470 W Island Rd Morgan, UT",,img_000_.jpg,img_000_.jpg
"490 W Island Rd Morgan, UT",,img_000_.jpg,img_000_.jpg
"512 W Island Rd Morgan, UT",,img_000_.jpg,img_000_.jpg
"518 W Island Rd Morgan, UT",,img_000_.jpg,img_000_.jpg
"524 W Island Rd Morgan, UT",,img_000_.jpg,img_000_.jpg
"556 W Island Rd Morgan, UT",,img_000_.jpg,img_000_.jpg
"560 W Island Rd Morgan, UT",,img_000_.jpg,img_000_.jpg
"572 W Island Rd Morgan, UT",,img_000_.jpg,img_000_.jpg
"590 W Island Rd Morgan, UT",,img_000_.jpg,img_000_.jpg
"636 W Island Rd Morgan, UT",,img_000_.jpg,img_000_.jpg
"650 W Island Rd Morgan, UT",,img_000_.jpg,img_000_.jpg
"670 W Island Rd Morgan, UT",,img_000_.jpg,img_000_.jpg
"696 W Island Rd Morgan, UT",,img_000_.jpg,img_000_.jpg
"265 N State St Morgan, UT",,img_000_.jpg,img_000_.jpg
"253 N State St Morgan, UT",,img_000_.jpg,img_000_.jpg
"231 N State St Morgan, UT",,img_000_.jpg,img_000_.jpg
"254 N State St Morgan, UT",,img_000_.jpg,img_000_.jpg
"77 N River Cove Cir Morgan, UT",,img_000_.jpg,img_000_.jpg
"73 N River Cove Cir Morgan, UT",,img_000_.jpg,img_000_.jpg
"71 N River Cove Cir Morgan, UT",,img_000_.jpg,img_000_.jpg
"67 N River Cove Cir Morgan, UT",,img_000_.jpg,img_000_.jpg
"63 N River Cove Cir Morgan, UT",,img_000_.jpg,img_000_.jpg
"58 N River Cove Cir Morgan, UT",,img_000_.jpg,img_000_.jpg
"60 N River Cove Cir Morgan, UT",,img_000_.jpg,img_000_.jpg
"66 N River Cove Cir Morgan, UT",,img_000_.jpg,img_000_.jpg
"260 E River Cove Dr Morgan, UT",,img_000_.jpg,img_000_.jpg
"276 E River Cove Dr Morgan, UT",,img_000_.jpg,img_000_.jpg
"283 E River Cove Dr Morgan, UT",,img_000_.jpg,img_000_.jpg
"285 E River Cove Dr Morgan, UT",,img_000_.jpg,img_000_.jpg
"294 E River Cove Dr Morgan, UT",,img_000_.jpg,img_000_.jpg
"296 E River Cove Dr Morgan, UT",,img_000_.jpg,img_000_.jpg
"200 E 125 N Morgan, UT",,img_000_.jpg,img_000_.jpg
"292 E 125 N Morgan, UT",,img_000_.jpg,img_000_.jpg
"278 E 125 N Morgan, UT",,img_000_.jpg,img_000_.jpg
"274 E 125 N Morgan, UT",,img_000_.jpg,img_000_.jpg
"264 E 125 N Morgan, UT",,img_000_.jpg,img_000_.jpg
"308 E 125 N Morgan, UT",,img_000_.jpg,img_000_.jpg
"386 E 125 N Morgan, UT",,img_000_.jpg,img_000_.jpg
"410 E 125 N Morgan, UT",,img_000_.jpg,img_000_.jpg
"412 E 125 N Morgan, UT",,img_000_.jpg,img_000_.jpg
"117 N Commercial St Morgan, UT",,img_000_.jpg,img_000_.jpg
"113 N Commercial St Morgan, UT",,img_000_.jpg,img_000_.jpg
"109 N Commercial St Morgan, UT",,img_000_.jpg,img_000_.jpg
"101 E 100 N Morgan, UT",,img_000_.jpg,img_000_.jpg
"361 E 100 N Morgan, UT",,img_000_.jpg,img_000_.jpg
"345 E 100 N Morgan, UT",,img_000_.jpg,img_000_.jpg
"129 N Commercial St Morgan, UT",,img_000_.jpg,img_000_.jpg
"133 N Commercial St Morgan, UT",,img_000_.jpg,img_000_.jpg
"145 N Commercial St Morgan, UT",,img_000_.jpg,img_000_.jpg
"157 N Commercial St Morgan, UT",,img_000_.jpg,img_000_.jpg
"167 N Commercial St Morgan, UT",,img_000_.jpg,img_000_.jpg
"181 N Commercial St Morgan, UT",,img_000_.jpg,img_000_.jpg
"185 N Commercial St Morgan, UT",,img_000_.jpg,img_000_.jpg
"185 N Commercial St Morgan, UT",,img_000_.jpg,img_000_.jpg
"185 N Commercial St Morgan, UT",,img_000_.jpg,img_000_.jpg
"185 N Commercial St Morgan, UT",,img_000_.jpg,img_000_.jpg
"185 N Commercial St Morgan, UT",,img_000_.jpg,img_000_.jpg
"247 N Commercial St Morgan, UT",,img_000_.jpg,img_000_.jpg
"261 N Commercial St Morgan, UT",,img_000_.jpg,img_000_.jpg
"287 N Commercial St Morgan, UT",,img_000_.jpg,img_000_.jpg
"285 N Commercial St Morgan, UT",,img_000_.jpg,img_000_.jpg
"295 N Commercial St Morgan, UT",,img_000_.jpg,img_000_.jpg
"490 E 300 N Morgan, UT",,img_000_.jpg,img_000_.jpg
"404 E 300 N Morgan, UT",,img_000_.jpg,img_000_.jpg
"318 E 300 N Morgan, UT",,img_000_.jpg,img_000_.jpg
"298 E 300 N Morgan, UT",,img_000_.jpg,img_000_.jpg
"280 E 300 N Morgan, UT",,img_000_.jpg,img_000_.jpg
"278 E 300 N Morgan, UT",,img_000_.jpg,img_000_.jpg
"268 E 300 N Morgan, UT",,img_000_.jpg,img_000_.jpg
"260 E 300 N Morgan, UT",,img_000_.jpg,img_000_.jpg
"389 E 125 N Morgan, UT",,img_000_.jpg,img_000_.jpg
"375 E 125 N Morgan, UT",,img_000_.jpg,img_000_.jpg
"375 E 125 N Morgan, UT",,img_000_.jpg,img_000_.jpg
"375 E 125 N Morgan, UT",,img_000_.jpg,img_000_.jpg
"375 E 125 N Morgan, UT",,img_000_.jpg,img_000_.jpg
"375 E 125 N Morgan, UT",,img_000_.jpg,img_000_.jpg
"375 E 125 N Morgan, UT",,img_000_.jpg,img_000_.jpg
"375 E 125 N Morgan, UT",,img_000_.jpg,img_000_.jpg
"375 E 125 N Morgan, UT",,img_000_.jpg,img_000_.jpg
"375 E 125 N Morgan, UT",,img_000_.jpg,img_000_.jpg
"375 E 125 N Morgan, UT",,img_000_.jpg,img_000_.jpg
"375 E 125 N Morgan, UT",,img_000_.jpg,img_000_.jpg
"375 E 125 N Morgan, UT",,img_000_.jpg,img_000_.jpg
"375 E 125 N Morgan, UT",,img_000_.jpg,img_000_.jpg
"375 E 125 N Morgan, UT",,img_000_.jpg,img_000_.jpg
"375 E 125 N Morgan, UT",,img_000_.jpg,img_000_.jpg
"375 E 125 N Morgan, UT",,img_000_.jpg,img_000_.jpg
"375 E 125 N Morgan, UT",,img_000_.jpg,img_000_.jpg
"375 E 125 N Morgan, UT",,img_000_.jpg,img_000_.jpg
"375 E 125 N Morgan, UT",,img_000_.jpg,img_000_.jpg
"375 E 125 N Morgan, UT",,img_000_.jpg,img_000_.jpg
"375 E 125 N Morgan, UT",,img_000_.jpg,img_000_.jpg
"375 E 125 N Morgan, UT",,img_000_.jpg,img_000_.jpg
"375 E 125 N Morgan, UT",,img_000_.jpg,img_000_.jpg
"375 E 125 N Morgan, UT",,img_000_.jpg,img_000_.jpg
"296 N 250 E Morgan, UT",,img_000_.jpg,img_000_.jpg
"282 N 250 E Morgan, UT",,img_000_.jpg,img_000_.jpg
"272 N 250 E Morgan, UT",,img_000_.jpg,img_000_.jpg
"252 N 250 E Morgan, UT",,img_000_.jpg,img_000_.jpg
"238 N 250 E Morgan, UT",,img_000_.jpg,img_000_.jpg
"218 N 250 E Morgan, UT",,img_000_.jpg,img_000_.jpg
"210 N 250 E Morgan, UT",,img_000_.jpg,img_000_.jpg
"200 N 250 E Morgan, UT",,img_000_.jpg,img_000_.jpg
"190 N 250 E Morgan, UT",,img_000_.jpg,img_000_.jpg
"178 N 250 E Morgan, UT",,img_000_.jpg,img_000_.jpg
"176 N 250 E Morgan, UT",,img_000_.jpg,img_000_.jpg
"176 N 250 E Morgan, UT",,img_000_.jpg,img_000_.jpg
"140 N 250 E Morgan, UT",,img_000_.jpg,img_000_.jpg
"265 E 125 N Morgan, UT",,img_000_.jpg,img_000_.jpg
"273 E 125 N Morgan, UT",,img_000_.jpg,img_000_.jpg
"281 E 125 N Morgan, UT",,img_000_.jpg,img_000_.jpg
"289 E 125 N Morgan, UT",,img_000_.jpg,img_000_.jpg
"311 E 125 N Morgan, UT",,img_000_.jpg,img_000_.jpg
"333 E 125 N Morgan, UT",,img_000_.jpg,img_000_.jpg
"246 E 300 N Morgan, UT",,img_000_.jpg,img_000_.jpg
"289 N 250 E Morgan, UT",,img_000_.jpg,img_000_.jpg
"283 N 250 E Morgan, UT",,img_000_.jpg,img_000_.jpg
"249 N 250 E Morgan, UT",,img_000_.jpg,img_000_.jpg
"239 N 250 E Morgan, UT",,img_000_.jpg,img_000_.jpg
"225 N 250 E Morgan, UT",,img_000_.jpg,img_000_.jpg
"225 N 250 E Morgan, UT",,img_000_.jpg,img_000_.jpg
"225 N 250 E Morgan, UT",,img_000_.jpg,img_000_.jpg
"225 N 250 E Morgan, UT",,img_000_.jpg,img_000_.jpg
"215 N 250 E Morgan, UT",,img_000_.jpg,img_000_.jpg
"215 N 250 E Morgan, UT",,img_000_.jpg,img_000_.jpg
"215 N 250 E Morgan, UT",,img_000_.jpg,img_000_.jpg
"215 N 250 E Morgan, UT",,img_000_.jpg,img_000_.jpg
"205 N 250 E Morgan, UT",,img_000_.jpg,img_000_.jpg
"205 N 250 E Morgan, UT",,img_000_.jpg,img_000_.jpg
"205 N 250 E Morgan, UT",,img_000_.jpg,img_000_.jpg
"205 N 250 E Morgan, UT",,img_000_.jpg,img_000_.jpg
"199 N 250 E Morgan, UT",,img_000_.jpg,img_000_.jpg
"191 N 250 E Morgan, UT",,img_000_.jpg,img_000_.jpg
"151 N 250 E Morgan, UT",,img_000_.jpg,img_000_.jpg
"145 N 250 E Morgan, UT",,img_000_.jpg,img_000_.jpg
"145 N 250 E Morgan, UT",,img_000_.jpg,img_000_.jpg
"145 N 250 E Morgan, UT",,img_000_.jpg,img_000_.jpg
"145 N 250 E Morgan, UT",,img_000_.jpg,img_000_.jpg
"135 N 250 E Morgan, UT",,img_000_.jpg,img_000_.jpg
"137 N 250 E Morgan, UT",,img_000_.jpg,img_000_.jpg
"243 E 125 N Morgan, UT",,img_000_.jpg,img_000_.jpg
"225 E 125 N Morgan, UT",,img_000_.jpg,img_000_.jpg
"225 E 125 N Morgan, UT",,img_000_.jpg,img_000_.jpg
"200 E 125 N Morgan, UT",,img_000_.jpg,img_000_.jpg
"200 E 125 N Morgan, UT",,img_000_.jpg,img_000_.jpg
"98 N Commercial St Morgan, UT",,img_000_.jpg,img_000_.jpg
"272 N State St Morgan, UT",,img_000_.jpg,img_000_.jpg
"290 N State St Morgan, UT",,img_000_.jpg,img_000_.jpg
"515 N Industrial Rd Morgan, UT",,img_000_.jpg,img_000_.jpg
"527 N Industrial Rd Morgan, UT",,img_000_.jpg,img_000_.jpg
"375 E 400 N Morgan, UT",,img_000_.jpg,img_000_.jpg
"380 E 400 N Morgan, UT",,img_000_.jpg,img_000_.jpg
"404 E 400 N Morgan, UT",,img_000_.jpg,img_000_.jpg
"390 E 400 N Morgan, UT",,img_000_.jpg,img_000_.jpg
"520 N 400 E Morgan, UT",,img_000_.jpg,img_000_.jpg
"520 N 400 E Morgan, UT",,img_000_.jpg,img_000_.jpg
"520 N 400 E Morgan, UT",,img_000_.jpg,img_000_.jpg
"395 N 400 E Morgan, UT",,img_000_.jpg,img_000_.jpg
"375 N 400 E Morgan, UT",,img_000_.jpg,img_000_.jpg
"345 N 400 E Morgan, UT",,img_000_.jpg,img_000_.jpg
"325 N 400 E Morgan, UT",,img_000_.jpg,img_000_.jpg
"325 N 400 E Morgan, UT",,img_000_.jpg,img_000_.jpg
"325 N 400 E Morgan, UT",,img_000_.jpg,img_000_.jpg
"325 N 400 E Morgan, UT",,img_000_.jpg,img_000_.jpg
"380? N 400 E Morgan, UT",,img_000_.jpg,img_000_.jpg
"340 N 400 E Morgan, UT",,img_000_.jpg,img_000_.jpg
"342 N 400 E Morgan, UT",,img_000_.jpg,img_000_.jpg
"388 N 400 E Morgan, UT",,img_000_.jpg,img_000_.jpg
"340 N Industrial Rd Morgan, UT",,img_000_.jpg,img_000_.jpg
"371 E 300 N Morgan, UT",,img_000_.jpg,img_000_.jpg
"401 E 300 N Morgan, UT",,img_000_.jpg,img_000_.jpg
"407 E 300 N Morgan, UT",,img_000_.jpg,img_000_.jpg
"485 E 300 N Morgan, UT",,img_000_.jpg,img_000_.jpg
"495 E 300 N Morgan, UT",,img_000_.jpg,img_000_.jpg
"275 E 300 N Morgan, UT",,img_000_.jpg,img_000_.jpg
"261 E 300 N Morgan, UT",,img_000_.jpg,img_000_.jpg
"349 N 250 E Morgan, UT",,img_000_.jpg,img_000_.jpg
"245 E 300 N Morgan, UT",,img_000_.jpg,img_000_.jpg
"225 E 300 N Morgan, UT",,img_000_.jpg,img_000_.jpg
"215 E 300 N Morgan, UT",,img_000_.jpg,img_000_.jpg
"388 E 300 N Morgan, UT",,img_000_.jpg,img_000_.jpg
"388 E 300 N Morgan, UT",,img_000_.jpg,img_000_.jpg
"50 N 600 E Morgan, UT",,img_000_.jpg,img_000_.jpg
"605 E 100 Morgan, UT",,img_000_.jpg,img_000_.jpg
"112 N 600 E Morgan, UT",,img_000_.jpg,img_000_.jpg
"112 N 600 E Morgan, UT",,img_000_.jpg,img_000_.jpg
"204 N 600 E Morgan, UT",,img_000_.jpg,img_000_.jpg
"181 N 600 E Morgan, UT",,img_000_.jpg,img_000_.jpg
"185 N 600 E Morgan, UT",,img_000_.jpg,img_000_.jpg
"193 N 600 E Morgan, UT",,img_000_.jpg,img_000_.jpg
"200 N 600 E Morgan, UT",,img_000_.jpg,img_000_.jpg
"199 N 600 E Morgan, UT",,img_000_.jpg,img_000_.jpg
"209 N 600 E Morgan, UT",,img_000_.jpg,img_000_.jpg
"290 N 600 E Morgan, UT",,img_000_.jpg,img_000_.jpg
"294 N 600 E Morgan, UT",,img_000_.jpg,img_000_.jpg
"297 N 600 E Morgan, UT",,img_000_.jpg,img_000_.jpg
"737 E 300 N Morgan, UT",,img_000_.jpg,img_000_.jpg
"749 E 300 N Morgan, UT",,img_000_.jpg,img_000_.jpg
"646 E 300 N Morgan, UT",,img_000_.jpg,img_000_.jpg
"630 E 300 N Morgan, UT",,img_000_.jpg,img_000_.jpg
"622 E 300 N Morgan, UT",,img_000_.jpg,img_000_.jpg
"612 E 300 N Morgan, UT",,img_000_.jpg,img_000_.jpg
"615 E 300 N Morgan, UT",,img_000_.jpg,img_000_.jpg
"621 E 300 N Morgan, UT",,img_000_.jpg,img_000_.jpg
"631 E 300 N Morgan, UT",,img_000_.jpg,img_000_.jpg
"641 E 300 N Morgan, UT",,img_000_.jpg,img_000_.jpg
"325 N 700 E Morgan, UT",,img_000_.jpg,img_000_.jpg
"331 N 700 E Morgan, UT",,img_000_.jpg,img_000_.jpg
"341 N 700 E Morgan, UT",,img_000_.jpg,img_000_.jpg
"355 N 700 E Morgan, UT",,img_000_.jpg,img_000_.jpg
"425 N 700 E Morgan, UT",,img_000_.jpg,img_000_.jpg
"433 N 700 E Morgan, UT",,img_000_.jpg,img_000_.jpg
"473 N 700 E Morgan, UT",,img_000_.jpg,img_000_.jpg
"493 N 700 E Morgan, UT",,img_000_.jpg,img_000_.jpg
"505 N 700 E Morgan, UT",,img_000_.jpg,img_000_.jpg
"521 N 700 E Morgan, UT",,img_000_.jpg,img_000_.jpg
"570 E 525 N Morgan, UT",,img_000_.jpg,img_000_.jpg
"310 N 700 E Morgan, UT",,img_000_.jpg,img_000_.jpg
"326 N 700 E Morgan, UT",,img_000_.jpg,img_000_.jpg
"320 N 700 E Morgan, UT",,img_000_.jpg,img_000_.jpg
"338 N 700 E Morgan, UT",,img_000_.jpg,img_000_.jpg
"352 N 700 E Morgan, UT",,img_000_.jpg,img_000_.jpg
"364 N 700 E Morgan, UT",,img_000_.jpg,img_000_.jpg
"756 E 375 N Morgan, UT",,img_000_.jpg,img_000_.jpg
"735 E 375 N Morgan, UT",,img_000_.jpg,img_000_.jpg
"404 N 700 E Morgan, UT",,img_000_.jpg,img_000_.jpg
"406 N 700 E Morgan, UT",,img_000_.jpg,img_000_.jpg
"436 N 700 E Morgan, UT",,img_000_.jpg,img_000_.jpg
"454 Nan Morgan, UT",,img_000_.jpg,img_000_.jpg
"468 N 700 E Morgan, UT",,img_000_.jpg,img_000_.jpg
"472 N 700 E Morgan, UT",,img_000_.jpg,img_000_.jpg
"454 N 700 E Morgan, UT",,img_000_.jpg,img_000_.jpg
"508 N 700 E Morgan, UT",,img_000_.jpg,img_000_.jpg
"504 N 700 E Morgan, UT",,img_000_.jpg,img_000_.jpg
"740 E 525 N Morgan, UT",,img_000_.jpg,img_000_.jpg
"800 E 525 N Morgan, UT",,img_000_.jpg,img_000_.jpg
"805 E 525 N Morgan, UT",,img_000_.jpg,img_000_.jpg
"836 E 525 N Morgan, UT",,img_000_.jpg,img_000_.jpg
"850 E 525 N Morgan, UT",,img_000_.jpg,img_000_.jpg
"860 Nan Morgan, UT",,img_000_.jpg,img_000_.jpg
"1020 E 525 N Morgan, UT",,img_000_.jpg,img_000_.jpg
"1100 E 525 N Morgan, UT",,img_000_.jpg,img_000_.jpg
"590 N 950 E Morgan, UT",,img_000_.jpg,img_000_.jpg
"610 N 1050 E Morgan, UT",,img_000_.jpg,img_000_.jpg
"1 Valley View Dr Morgan, UT",,img_000_.jpg,img_000_.jpg
"653 N 950 E Morgan, UT",,img_000_.jpg,img_000_.jpg
"899 E 525 N Morgan, UT",,img_000_.jpg,img_000_.jpg
"879 E 525 N Morgan, UT",,img_000_.jpg,img_000_.jpg
"869 E 525 N Morgan, UT",,img_000_.jpg,img_000_.jpg
"849 E 525 N Morgan, UT",,img_000_.jpg,img_000_.jpg
"851 E 525 N Morgan, UT",,img_000_.jpg,img_000_.jpg
"650 N 825 E Morgan, UT",,img_000_.jpg,img_000_.jpg
"803 E 525 N Morgan, UT",,img_000_.jpg,img_000_.jpg
"763 E 525 N Morgan, UT",,img_000_.jpg,img_000_.jpg
"759 E 525 N Morgan, UT",,img_000_.jpg,img_000_.jpg
"543 N 700 E
E\ Morgan, UT",,img_000_.jpg,img_000_.jpg
"553 N 700 E Morgan, UT",,img_000_.jpg,img_000_.jpg
"585 N 700 E Morgan, UT",,img_000_.jpg,img_000_.jpg
"597 N 700 E Morgan, UT",,img_000_.jpg,img_000_.jpg
"640 E Heiner Ln Morgan, UT",,img_000_.jpg,img_000_.jpg
"605 N 700 E Morgan, UT",,img_000_.jpg,img_000_.jpg
"621 N 700 E Morgan, UT",,img_000_.jpg,img_000_.jpg
"687 N 700 E Morgan, UT",,img_000_.jpg,img_000_.jpg
"699 N 700 E Morgan, UT",,img_000_.jpg,img_000_.jpg
"705 N 700 E Morgan, UT",,img_000_.jpg,img_000_.jpg
"721 N 700 E Morgan, UT",,img_000_.jpg,img_000_.jpg
"757 N 700 E Morgan, UT",,img_000_.jpg,img_000_.jpg
"773 N 700 E Morgan, UT",,img_000_.jpg,img_000_.jpg
"885 N 700 E Morgan, UT",,img_000_.jpg,img_000_.jpg
"905 N 700 E Morgan, UT",,img_000_.jpg,img_000_.jpg
"925 N 700 E Morgan, UT",,img_000_.jpg,img_000_.jpg
"907 N 700 E Morgan, UT",,img_000_.jpg,img_000_.jpg
"921 N 700 E Morgan, UT",,img_000_.jpg,img_000_.jpg
"943 N 700 E Morgan, UT",,img_000_.jpg,img_000_.jpg
"966 N 700 E Morgan, UT",,img_000_.jpg,img_000_.jpg
"952 N 700 E Morgan, UT",,img_000_.jpg,img_000_.jpg
"940 N 700 E Morgan, UT",,img_000_.jpg,img_000_.jpg
"930 N 700 E Morgan, UT",,img_000_.jpg,img_000_.jpg
"898 N 700 E Morgan, UT",,img_000_.jpg,img_000_.jpg
"814 N 700 E Morgan, UT",,img_000_.jpg,img_000_.jpg
"796 N 700 E Morgan, UT",,img_000_.jpg,img_000_.jpg
"778 N 700 E Morgan, UT",,img_000_.jpg,img_000_.jpg
"762 N 700 E Morgan, UT",,img_000_.jpg,img_000_.jpg
"728 N 700 E Morgan, UT",,img_000_.jpg,img_000_.jpg
"724 N 700 E Morgan, UT",,img_000_.jpg,img_000_.jpg
"706 N 700 E Morgan, UT",,img_000_.jpg,img_000_.jpg
"700 N 700 E Morgan, UT",,img_000_.jpg,img_000_.jpg
"696 N 700 E Morgan, UT",,img_000_.jpg,img_000_.jpg
"690 N 700 E Morgan, UT",,img_000_.jpg,img_000_.jpg
"650 N 700 E Morgan, UT",,img_000_.jpg,img_000_.jpg
"630 N 700 E Morgan, UT",,img_000_.jpg,img_000_.jpg
"614 N 700 E Morgan, UT",,img_000_.jpg,img_000_.jpg
"590 N 700 E Morgan, UT",,img_000_.jpg,img_000_.jpg
"586 N 700 E Morgan, UT",,img_000_.jpg,img_000_.jpg
"760 E Mahogany Ridge Rd Morgan, UT",,img_000_.jpg,img_000_.jpg
"785 N Sunset Dr Morgan, UT",,img_000_.jpg,img_000_.jpg
"795 N Sunset Dr Morgan, UT",,img_000_.jpg,img_000_.jpg
"806 E Mahogany Ridge Rd Morgan, UT",,img_000_.jpg,img_000_.jpg
"812 E Mahogany Ridge Rd Morgan, UT",,img_000_.jpg,img_000_.jpg
"818 E Mahogany Ridge Rd Morgan, UT",,img_000_.jpg,img_000_.jpg
"798 N Sage Dr Morgan, UT",,img_000_.jpg,img_000_.jpg
"784 N Sage Dr Morgan, UT",,img_000_.jpg,img_000_.jpg
"782 N Sage Dr Morgan, UT",,img_000_.jpg,img_000_.jpg
"815 E Clover Way Morgan, UT",,img_000_.jpg,img_000_.jpg
"805 E Clover Way Morgan, UT",,img_000_.jpg,img_000_.jpg
"783 N Sage Dr Morgan, UT",,img_000_.jpg,img_000_.jpg
"785 N Sage Dr Morgan, UT",,img_000_.jpg,img_000_.jpg
"793 N Sage Dr Morgan, UT",,img_000_.jpg,img_000_.jpg
"799 N Sage Dr Morgan, UT",,img_000_.jpg,img_000_.jpg
"830 E Mahogany Ridge Rd Morgan, UT",,img_000_.jpg,img_000_.jpg
"862 E Mahogany Ridge Rd Morgan, UT",,img_000_.jpg,img_000_.jpg
"1120 E Mahogany Ridge Rd Morgan, UT",,img_000_.jpg,img_000_.jpg
"1110 E Mahogany Ridge Rd Morgan, UT",,img_000_.jpg,img_000_.jpg
"1090 E Mahogany Ridge Rd Morgan, UT",,img_000_.jpg,img_000_.jpg
"1080 E Mahogany Ridge Rd Morgan, UT",,img_000_.jpg,img_000_.jpg
"1060 E Mahogany Ridge Rd Morgan, UT",,img_000_.jpg,img_000_.jpg
"1020 E Mahogany Ridge Rd Morgan, UT",,img_000_.jpg,img_000_.jpg
"1010 E Mahogany Ridge Rd Morgan, UT",,img_000_.jpg,img_000_.jpg
"990 E Mahogany Ridge Rd Morgan, UT",,img_000_.jpg,img_000_.jpg
"970 E Mahogany Ridge Rd Morgan, UT",,img_000_.jpg,img_000_.jpg
"950 E Mahogany Ridge Rd Morgan, UT",,img_000_.jpg,img_000_.jpg
"930 E Mahogany Ridge Rd Morgan, UT",,img_000_.jpg,img_000_.jpg
"910 E Mahogany Ridge Rd Morgan, UT",,img_000_.jpg,img_000_.jpg
"826 N Eagle View Dr Morgan, UT",,img_000_.jpg,img_000_.jpg
"829 N Eagle View Dr Morgan, UT",,img_000_.jpg,img_000_.jpg
"1065 E Mahogany Ridge Rd Morgan, UT",,img_000_.jpg,img_000_.jpg
"1045 E Mahogany Ridge Rd Morgan, UT",,img_000_.jpg,img_000_.jpg
"1025 E Mahogany Ridge Rd Morgan, UT",,img_000_.jpg,img_000_.jpg
"830 N Grand View Dr Morgan, UT",,img_000_.jpg,img_000_.jpg
"827 N Grand View Dr Morgan, UT",,img_000_.jpg,img_000_.jpg
"965 E Mahogany Ridge Rd Morgan, UT",,img_000_.jpg,img_000_.jpg
"945 E Mahogany Ridge Rd Morgan, UT",,img_000_.jpg,img_000_.jpg
"925 E Mahogany Ridge Rd Morgan, UT",,img_000_.jpg,img_000_.jpg
"836 N Great View Dr Morgan, UT",,img_000_.jpg,img_000_.jpg
"870 N Sapphire St Morgan, UT",,img_000_.jpg,img_000_.jpg
"860 N Great View Dr Morgan, UT",,img_000_.jpg,img_000_.jpg
"850 N Great View Dr Morgan, UT",,img_000_.jpg,img_000_.jpg
"840 N Great View Dr Morgan, UT",,img_000_.jpg,img_000_.jpg
"830 N Great View Dr Morgan, UT",,img_000_.jpg,img_000_.jpg
"885 E Mahogany Ridge Rd Morgan, UT",,img_000_.jpg,img_000_.jpg
"875 E Mahogany Ridge Rd Morgan, UT",,img_000_.jpg,img_000_.jpg
"865 E Mahogany Ridge Rd Morgan, UT",,img_000_.jpg,img_000_.jpg
"855 E Mahogany Ridge Rd Morgan, UT",,img_000_.jpg,img_000_.jpg
"831 N Sapphire St Morgan, UT",,img_000_.jpg,img_000_.jpg
"835 N Sapphire St Morgan, UT",,img_000_.jpg,img_000_.jpg
"851 N Sapphire St Morgan, UT",,img_000_.jpg,img_000_.jpg
"853 N Sapphire St Morgan, UT",,img_000_.jpg,img_000_.jpg
"857 N Sapphire St Morgan, UT",,img_000_.jpg,img_000_.jpg
"861 N Sapphire St Morgan, UT",,img_000_.jpg,img_000_.jpg
"874 N Sapphire St Morgan, UT",,img_000_.jpg,img_000_.jpg
"870 N Sapphire St Morgan, UT",,img_000_.jpg,img_000_.jpg
"866 N Sapphire St Morgan, UT",,img_000_.jpg,img_000_.jpg
"862 N Sapphire St Morgan, UT",,img_000_.jpg,img_000_.jpg
"858 N Sapphire St Morgan, UT",,img_000_.jpg,img_000_.jpg
"854 N Sapphire St Morgan, UT",,img_000_.jpg,img_000_.jpg
"850 N Sapphire St Morgan, UT",,img_000_.jpg,img_000_.jpg
"846 N Sapphire St Morgan, UT",,img_000_.jpg,img_000_.jpg
"842 N Sapphire St Morgan, UT",,img_000_.jpg,img_000_.jpg
"838 N Sapphire St Morgan, UT",,img_000_.jpg,img_000_.jpg
"834 N Sapphire St Morgan, UT",,img_000_.jpg,img_000_.jpg
"827 N Violet Dr Morgan, UT",,img_000_.jpg,img_000_.jpg
"845 N Violet Dr Morgan, UT",,img_000_.jpg,img_000_.jpg
"849 N Violet Dr Morgan, UT",,img_000_.jpg,img_000_.jpg
"853 N Violet Dr Morgan, UT",,img_000_.jpg,img_000_.jpg
"857 N Violet Dr Morgan, UT",,img_000_.jpg,img_000_.jpg
"861 N Violet Dr Morgan, UT",,img_000_.jpg,img_000_.jpg
"865 N Violet Dr Morgan, UT",,img_000_.jpg,img_000_.jpg
"869 N Violet Dr Morgan, UT",,img_000_.jpg,img_000_.jpg
"873 N Violet Dr Morgan, UT",,img_000_.jpg,img_000_.jpg
"705 E Mahogany Ridge Rd Morgan, UT",,img_000_.jpg,img_000_.jpg
"715 E Mahogany Ridge Rd Morgan, UT",,img_000_.jpg,img_000_.jpg
"725 E Mahogany Ridge Rd Morgan, UT",,img_000_.jpg,img_000_.jpg
"735 E Mahogany Ridge Rd Morgan, UT",,img_000_.jpg,img_000_.jpg
"745 E Mahogany Ridge Rd Morgan, UT",,img_000_.jpg,img_000_.jpg
"755 E Mahogany Ridge Rd Morgan, UT",,img_000_.jpg,img_000_.jpg
"830 N Violet Dr Morgan, UT",,img_000_.jpg,img_000_.jpg
"834 N Violet Dr Morgan, UT",,img_000_.jpg,img_000_.jpg
"838 N Violet Dr Morgan, UT",,img_000_.jpg,img_000_.jpg
"842 N Violet Dr Morgan, UT",,img_000_.jpg,img_000_.jpg
"846 N Violet Dr Morgan, UT",,img_000_.jpg,img_000_.jpg
"850 N Violet Dr Morgan, UT",,img_000_.jpg,img_000_.jpg
"854 N Violet Dr Morgan, UT",,img_000_.jpg,img_000_.jpg
"858 N Violet Dr Morgan, UT",,img_000_.jpg,img_000_.jpg
"862 N Violet Dr Morgan, UT",,img_000_.jpg,img_000_.jpg
"866 N Violet Dr Morgan, UT",,img_000_.jpg,img_000_.jpg
"760 E Dani'S Way Morgan, UT",,img_000_.jpg,img_000_.jpg
"750 E Dani'S Way Morgan, UT",,img_000_.jpg,img_000_.jpg
"740 E Dani'S Way Morgan, UT",,img_000_.jpg,img_000_.jpg
"730 E Dani'S Way Morgan, UT",,img_000_.jpg,img_000_.jpg
"720 E Dani'S Way Morgan, UT",,img_000_.jpg,img_000_.jpg
"710 E Dani'S Way Morgan, UT",,img_000_.jpg,img_000_.jpg
"717 E Dani'S Way Morgan, UT",,img_000_.jpg,img_000_.jpg
"707 E Dani'S Way Morgan, UT",,img_000_.jpg,img_000_.jpg
"256 N State St Morgan, UT",,img_000_.jpg,img_000_.jpg
"256 N State St Morgan, UT",,img_000_.jpg,img_000_.jpg
"256 N State St Morgan, UT",,img_000_.jpg,img_000_.jpg
"256 N State St Morgan, UT",,img_000_.jpg,img_000_.jpg
"256 N State St Morgan, UT",,img_000_.jpg,img_000_.jpg
"256 N State St Morgan, UT",,img_000_.jpg,img_000_.jpg
"256 N State St Morgan, UT",,img_000_.jpg,img_000_.jpg
"256 N State St Morgan, UT",,img_000_.jpg,img_000_.jpg
"88 E 250 N Morgan, UT",,img_000_.jpg,img_000_.jpg
"88 E 250 N Morgan, UT",,img_000_.jpg,img_000_.jpg
"88 E 250 N Morgan, UT",,img_000_.jpg,img_000_.jpg
"88 E 250 N Morgan, UT",,img_000_.jpg,img_000_.jpg
"88 E 250 N Morgan, UT",,img_000_.jpg,img_000_.jpg
"88 E 250 N Morgan, UT",,img_000_.jpg,img_000_.jpg
"88 E 250 N Morgan, UT",,img_000_.jpg,img_000_.jpg
"88 E 250 N Morgan, UT",,img_000_.jpg,img_000_.jpg
"88 E 250 N Morgan, UT",,img_000_.jpg,img_000_.jpg
"88 E 250 N Morgan, UT",,img_000_.jpg,img_000_.jpg
"88 E 250 N Morgan, UT",,img_000_.jpg,img_000_.jpg
"88 E 250 N Morgan, UT",,img_000_.jpg,img_000_.jpg
"88 E 250 N Morgan, UT",,img_000_.jpg,img_000_.jpg
"88 E 250 N Morgan, UT",,img_000_.jpg,img_000_.jpg
"88 E 250 N Morgan, UT",,img_000_.jpg,img_000_.jpg
"88 E 250 N Morgan, UT",,img_000_.jpg,img_000_.jpg
"48 E 200 N Morgan, UT",,img_000_.jpg,img_000_.jpg
"50 E 200 N Morgan, UT",,img_000_.jpg,img_000_.jpg
"52 E 200 N Morgan, UT",,img_000_.jpg,img_000_.jpg
"54 E 200 N Morgan, UT",,img_000_.jpg,img_000_.jpg
"68 E 200 N Morgan, UT",,img_000_.jpg,img_000_.jpg
"70 E 200 N Morgan, UT",,img_000_.jpg,img_000_.jpg
"72 E 200 N Morgan, UT",,img_000_.jpg,img_000_.jpg
"74 E 200 N Morgan, UT",,img_000_.jpg,img_000_.jpg
"194 N Riverview Dr Morgan, UT",,img_000_.jpg,img_000_.jpg
"192 N Riverview Dr Morgan, UT",,img_000_.jpg,img_000_.jpg
"190 N Riverview Dr Morgan, UT",,img_000_.jpg,img_000_.jpg
"188 N Riverview Dr Morgan, UT",,img_000_.jpg,img_000_.jpg
"209 N State St Morgan, UT",,img_000_.jpg,img_000_.jpg
"209 N State St Morgan, UT",,img_000_.jpg,img_000_.jpg
"209 N State St Morgan, UT",,img_000_.jpg,img_000_.jpg
"209 N State St Morgan, UT",,img_000_.jpg,img_000_.jpg
"175 N State St Morgan, UT",,img_000_.jpg,img_000_.jpg
"151 N State St Morgan, UT",,img_000_.jpg,img_000_.jpg
"49 W 150 N Morgan, UT",,img_000_.jpg,img_000_.jpg
"139 N State St Morgan, UT",,img_000_.jpg,img_000_.jpg
"135 N State St Morgan, UT",,img_000_.jpg,img_000_.jpg
"131 N State St Morgan, UT",,img_000_.jpg,img_000_.jpg
"211 W Young St Morgan, UT",,img_000_.jpg,img_000_.jpg
"651 W 150 N Morgan, UT",,img_000_.jpg,img_000_.jpg
"159 N 700 W Morgan, UT",,img_000_.jpg,img_000_.jpg
"736 W 150 N Morgan, UT",,img_000_.jpg,img_000_.jpg
"757 W 150 N Morgan, UT",,img_000_.jpg,img_000_.jpg
"715 W 150 N Morgan, UT",,img_000_.jpg,img_000_.jpg
"255 E River Cove Dr Morgan, UT",,img_000_.jpg,img_000_.jpg
"257 E River Cove Dr Morgan, UT",,img_000_.jpg,img_000_.jpg
"269 E River Cove Dr Morgan, UT",,img_000_.jpg,img_000_.jpg
"271 E River Cove Dr Morgan, UT",,img_000_.jpg,img_000_.jpg
"33 N State St Morgan, UT",,img_000_.jpg,img_000_.jpg
"240 S 300 W Morgan, UT",,img_000_.jpg,img_000_.jpg
"192 N 200 W Morgan, UT",,img_000_.jpg,img_000_.jpg
"412 E 125 N Morgan, UT",,img_000_.jpg,img_000_.jpg
"103 N Commercial St Morgan, UT",,img_000_.jpg,img_000_.jpg
"177 N Commercial St Morgan, UT",,img_000_.jpg,img_000_.jpg
"203 N 600 E Morgan, UT",,img_000_.jpg,img_000_.jpg
"322 N 700 E Morgan, UT",,img_000_.jpg,img_000_.jpg
"324 E 300 N Morgan, UT",,img_000_.jpg,img_000_.jpg
"328 N 700 E Morgan, UT",,img_000_.jpg,img_000_.jpg
"330 N 700 E Morgan, UT",,img_000_.jpg,img_000_.jpg
"949 N 700 E Morgan, UT",,img_000_.jpg,img_000_.jpg
"58 W 150 N Morgan, UT",,img_000_.jpg,img_000_.jpg
"461 E Red Rock Way Morgan, UT",,img_000_.jpg,img_000_.jpg
"519 E Red Rock Way Morgan, UT",,img_000_.jpg,img_000_.jpg
"537 E Red Rock Way Morgan, UT",,img_000_.jpg,img_000_.jpg
"549 E Red Rock Way Morgan, UT",,img_000_.jpg,img_000_.jpg
"565 E Red Rock Way Morgan, UT",,img_000_.jpg,img_000_.jpg
"577 E Red Rock Way Morgan, UT",,img_000_.jpg,img_000_.jpg
"593 E Red Rock Way Morgan, UT",,img_000_.jpg,img_000_.jpg
"613 E Red Rock Way Morgan, UT",,img_000_.jpg,img_000_.jpg
"621 E Red Rock Way Morgan, UT",,img_000_.jpg,img_000_.jpg
"865 N Sapphire St Morgan, UT",,img_000_.jpg,img_000_.jpg
"869 N Sapphire St Morgan, UT",,img_000_.jpg,img_000_.jpg
"845 N Sapphire St Morgan, UT",,img_000_.jpg,img_000_.jpg
"847 N Sapphire St Morgan, UT",,img_000_.jpg,img_000_.jpg
"839 N Sapphire St Morgan, UT",,img_000_.jpg,img_000_.jpg
"843 N Sapphire St Morgan, UT",,img_000_.jpg,img_000_.jpg
"755 E Dani'S Way Morgan, UT",,img_000_.jpg,img_000_.jpg
"745 E Dani'S Way Morgan, UT",,img_000_.jpg,img_000_.jpg
"31 S 100 W Morgan, UT",,img_000_.jpg,img_000_.jpg
"513 N 400 W Morgan, UT",,img_000_.jpg,img_000_.jpg
"456 E Ridgeline Dr Morgan, UT",,img_000_.jpg,img_000_.jpg
"185 E 100 N Morgan, UT",,img_000_.jpg,img_000_.jpg
"240 E Young St Morgan, UT",,img_000_.jpg,img_000_.jpg
"536 N 550 E Morgan, UT",,img_000_.jpg,img_000_.jpg
"872 N Great View Dr Morgan, UT",,img_000_.jpg,img_000_.jpg
"876 N Great View Dr Morgan, UT",,img_000_.jpg,img_000_.jpg
"878 N Great View Dr Morgan, UT",,img_000_.jpg,img_000_.jpg
"892 N Great View Dr Morgan, UT",,img_000_.jpg,img_000_.jpg
"924 N Thackeray Cir Morgan, UT",,img_000_.jpg,img_000_.jpg
"942 N Thackeray Cir Morgan, UT",,img_000_.jpg,img_000_.jpg
"956 N Thackeray Cir Morgan, UT",,img_000_.jpg,img_000_.jpg
"968 N Thackeray Cir Morgan, UT",,img_000_.jpg,img_000_.jpg
"974 N Thackeray Cir Morgan, UT",,img_000_.jpg,img_000_.jpg
"973 N Thackeray Cir Morgan, UT",,img_000_.jpg,img_000_.jpg
"961 N Thackeray Cir Morgan, UT",,img_000_.jpg,img_000_.jpg
"947 N Thackeray Cir Morgan, UT",,img_000_.jpg,img_000_.jpg
"935 N Thackeray Cir Morgan, UT",,img_000_.jpg,img_000_.jpg
"911 N Thackeray Cir Morgan, UT",,img_000_.jpg,img_000_.jpg
"11 N 300 W Morgan, UT",,img_000_.jpg,img_000_.jpg
"275 E Imperial Dr Morgan, UT",,img_000_.jpg,img_000_.jpg
"764 W 150 N Morgan, UT",,img_000_.jpg,img_000_.jpg
"731 W 150 N Morgan, UT",,img_000_.jpg,img_000_.jpg
"773 W 150 N Morgan, UT",,img_000_.jpg,img_000_.jpg
"778 W 150 N Morgan, UT",,img_000_.jpg,img_000_.jpg
"732 W Young St Morgan, UT",,img_000_.jpg,img_000_.jpg
"391 E 300 N Morgan, UT",,img_000_.jpg,img_000_.jpg
"774 N Sunset Dr Morgan, UT",,img_000_.jpg,img_000_.jpg
"766 N Sunset Dr Morgan, UT",,img_000_.jpg,img_000_.jpg
"752 N Sunset Dr Morgan, UT",,img_000_.jpg,img_000_.jpg
"748 N Sunset Dr Morgan, UT",,img_000_.jpg,img_000_.jpg
"734 N Sunset Dr Morgan, UT",,img_000_.jpg,img_000_.jpg
"716 N Sunset Dr Morgan, UT",,img_000_.jpg,img_000_.jpg
"682 N Sunset Dr Morgan, UT",,img_000_.jpg,img_000_.jpg
"678 N Sunset Dr Morgan, UT",,img_000_.jpg,img_000_.jpg
"672 N Sunset Dr Morgan, UT",,img_000_.jpg,img_000_.jpg
"664 N Sunset Dr Morgan, UT",,img_000_.jpg,img_000_.jpg
"771 N Valley Vista Dr Morgan, UT",,img_000_.jpg,img_000_.jpg
"767 N Valley Vista Dr Morgan, UT",,img_000_.jpg,img_000_.jpg
"745 N Valley Vista Dr Morgan, UT",,img_000_.jpg,img_000_.jpg
"731 N Valley Vista Dr Morgan, UT",,img_000_.jpg,img_000_.jpg
"723 N Valley Vista Dr Morgan, UT",,img_000_.jpg,img_000_.jpg
"695 N Valley Vista Dr Morgan, UT",,img_000_.jpg,img_000_.jpg
"683 N Valley Vista Dr Morgan, UT",,img_000_.jpg,img_000_.jpg
"768 E Clover Way Morgan, UT",,img_000_.jpg,img_000_.jpg
"754 E Clover Way Morgan, UT",,img_000_.jpg,img_000_.jpg
"742 E Clover Way Morgan, UT",,img_000_.jpg,img_000_.jpg
"736 E Clover Way Morgan, UT",,img_000_.jpg,img_000_.jpg
"718 Nan Morgan, UT",,img_000_.jpg,img_000_.jpg
"694 Nan Morgan, UT",,img_000_.jpg,img_000_.jpg
"281 N State St Morgan, UT",,img_000_.jpg,img_000_.jpg
"557 N 400 W Morgan, UT",,img_000_.jpg,img_000_.jpg
"599 N 400 W Morgan, UT",,img_000_.jpg,img_000_.jpg
"132 W 100 N Morgan, UT",,img_000_.jpg,img_000_.jpg
"30 N State St Morgan, UT",,img_000_.jpg,img_000_.jpg
"115 N 300 E Morgan, UT",,img_000_.jpg,img_000_.jpg
"111 N 300 E Morgan, UT",,img_000_.jpg,img_000_.jpg
"103 N 300 E Morgan, UT",,img_000_.jpg,img_000_.jpg
"347 1/2 S State St Morgan, UT",,img_000_.jpg,img_000_.jpg
"180 E 125 N Morgan, UT",,img_000_.jpg,img_000_.jpg
"180 E 125 N Morgan, UT",,img_000_.jpg,img_000_.jpg
"679 W 150 N Morgan, UT",,img_000_.jpg,img_000_.jpg
"693 W 150 N Morgan, UT",,img_000_.jpg,img_000_.jpg
"40 E 100 N Morgan, UT",,img_000_.jpg,img_000_.jpg
"674 E Great View Dr Morgan, UT",,img_000_.jpg,img_000_.jpg
"660 E Great View Dr Morgan, UT",,img_000_.jpg,img_000_.jpg
"646 E Great View Dr Morgan, UT",,img_000_.jpg,img_000_.jpg
"630 E Great View Dr Morgan, UT",,img_000_.jpg,img_000_.jpg
"880 N 600 E Morgan, UT",,img_000_.jpg,img_000_.jpg
"847 N 600 E Morgan, UT",,img_000_.jpg,img_000_.jpg
"859 N 600 E Morgan, UT",,img_000_.jpg,img_000_.jpg
"871 N 600 E Morgan, UT",,img_000_.jpg,img_000_.jpg
"592 E 875 N Morgan, UT",,img_000_.jpg,img_000_.jpg
"893 N 600 E Morgan, UT",,img_000_.jpg,img_000_.jpg
"912 N 600 E Morgan, UT",,img_000_.jpg,img_000_.jpg
"627 E Great View Dr Morgan, UT",,img_000_.jpg,img_000_.jpg
"933 N 650 E Morgan, UT",,img_000_.jpg,img_000_.jpg
"930 N 650 E Morgan, UT",,img_000_.jpg,img_000_.jpg
"663 E Great View Dr Morgan, UT",,img_000_.jpg,img_000_.jpg
"677 E Great View Dr Morgan, UT",,img_000_.jpg,img_000_.jpg
"1040 E Mahogany Ridge Rd Morgan, UT",,img_000_.jpg,img_000_.jpg
"289 E 400 N Morgan, UT",,img_000_.jpg,img_000_.jpg
"279 E 400 N Morgan, UT",,img_000_.jpg,img_000_.jpg
"282 E 400 N Morgan, UT",,img_000_.jpg,img_000_.jpg
"294 E 400 N Morgan, UT",,img_000_.jpg,img_000_.jpg
"476 N Industrial Rd Morgan, UT",,img_000_.jpg,img_000_.jpg
"427 E 100 N Morgan, UT",,img_000_.jpg,img_000_.jpg
"622 N Meadow Creek Way Morgan, UT",,img_000_.jpg,img_000_.jpg
"644 N Meadow Creek Way Morgan, UT",,img_000_.jpg,img_000_.jpg
"660 N Meadow Creek Way Morgan, UT",,img_000_.jpg,img_000_.jpg
"67 N 200 E Morgan, UT",,img_000_.jpg,img_000_.jpg
"160 E Young St Morgan, UT",,img_000_.jpg,img_000_.jpg
"138 E Young St Morgan, UT",,img_000_.jpg,img_000_.jpg
"428 W Island Rd Morgan, UT",,img_000_.jpg,img_000_.jpg
"394 W Island Rd Morgan, UT",,img_000_.jpg,img_000_.jpg
"219 N 700 W Morgan, UT",,img_000_.jpg,img_000_.jpg
"163 W Young St Morgan, UT",,img_000_.jpg,img_000_.jpg
"713 W Island Rd Morgan, UT",,img_000_.jpg,img_000_.jpg
"703 W Island Rd Morgan, UT",,img_000_.jpg,img_000_.jpg
"681 W Island Rd Morgan, UT",,img_000_.jpg,img_000_.jpg
"948 N 650 E Morgan, UT",,img_000_.jpg,img_000_.jpg
"966 N 650 E Morgan, UT",,img_000_.jpg,img_000_.jpg
"951 N 650 E Morgan, UT",,img_000_.jpg,img_000_.jpg
"969 N 650 E Morgan, UT",,img_000_.jpg,img_000_.jpg
"987 N 650 E Morgan, UT",,img_000_.jpg,img_000_.jpg
"1005 N 650 E Morgan, UT",,img_000_.jpg,img_000_.jpg
"1023 N 650 E Morgan, UT",,img_000_.jpg,img_000_.jpg
"1041 N 650 E Morgan, UT",,img_000_.jpg,img_000_.jpg
"632 E 1050 N Morgan, UT",,img_000_.jpg,img_000_.jpg
"1044 N 600 E Morgan, UT",,img_000_.jpg,img_000_.jpg
"1026 N 600 E Morgan, UT",,img_000_.jpg,img_000_.jpg
"1010 N 600 E Morgan, UT",,img_000_.jpg,img_000_.jpg
"992 N 600 E Morgan, UT",,img_000_.jpg,img_000_.jpg
"976 N 600 E Morgan, UT",,img_000_.jpg,img_000_.jpg
"960 N 600 E Morgan, UT",,img_000_.jpg,img_000_.jpg
"944 N 600 E Morgan, UT",,img_000_.jpg,img_000_.jpg
"926 N 600 E Morgan, UT",,img_000_.jpg,img_000_.jpg
"907 N 600 E Morgan, UT",,img_000_.jpg,img_000_.jpg
"923 N 600 E Morgan, UT",,img_000_.jpg,img_000_.jpg
"941 N 600 E Morgan, UT",,img_000_.jpg,img_000_.jpg
"957 N 600 E Morgan, UT",,img_000_.jpg,img_000_.jpg
"973 N 600 E Morgan, UT",,img_000_.jpg,img_000_.jpg
"989 N 600 E Morgan, UT",,img_000_.jpg,img_000_.jpg
"1007 N 600 E Morgan, UT",,img_000_.jpg,img_000_.jpg
"1021 N 600 E Morgan, UT",,img_000_.jpg,img_000_.jpg
"1037 N 600 E Morgan, UT",,img_000_.jpg,img_000_.jpg
"1049 N 600 E Morgan, UT",,img_000_.jpg,img_000_.jpg
"601 E 1050 N Morgan, UT",,img_000_.jpg,img_000_.jpg
"611 E 1050 N Morgan, UT",,img_000_.jpg,img_000_.jpg
"623 E 1050 N Morgan, UT",,img_000_.jpg,img_000_.jpg
"635 E 1050 N Morgan, UT",,img_000_.jpg,img_000_.jpg
"645 E 1050 N Morgan, UT",,img_000_.jpg,img_000_.jpg
"59 N 325 E Morgan, UT",,img_000_.jpg,img_000_.jpg
"65 N 325 E Morgan, UT",,img_000_.jpg,img_000_.jpg
"81 N 325 E Morgan, UT",,img_000_.jpg,img_000_.jpg
"87 N 325 E Morgan, UT",,img_000_.jpg,img_000_.jpg
"649 N 700 E Morgan, UT",,img_000_.jpg,img_000_.jpg
"47 S 360 W Morgan, UT",,img_000_.jpg,img_000_.jpg
"84 S 360 W Morgan, UT",,img_000_.jpg,img_000_.jpg
"133 W 200 N Morgan, UT",,img_000_.jpg,img_000_.jpg
"115 W 200 N Morgan, UT",,img_000_.jpg,img_000_.jpg
"187 N 100 W Morgan, UT",,img_000_.jpg,img_000_.jpg
"173 N 100 W Morgan, UT",,img_000_.jpg,img_000_.jpg
"310 W Island Rd Morgan, UT",,img_000_.jpg,img_000_.jpg
"360 W Island Rd Morgan, UT",,img_000_.jpg,img_000_.jpg
"653 E Vista Ln Morgan, UT",,img_000_.jpg,img_000_.jpg
"661 E Vista Ln Morgan, UT",,img_000_.jpg,img_000_.jpg
"671 E Vista Ln Morgan, UT",,img_000_.jpg,img_000_.jpg
"679 E Vista Ln Morgan, UT",,img_000_.jpg,img_000_.jpg
"687 E Vista Ln Morgan, UT",,img_000_.jpg,img_000_.jpg
"695 E Vista Ln Morgan, UT",,img_000_.jpg,img_000_.jpg
"1013 N Vista Loop Morgan, UT",,img_000_.jpg,img_000_.jpg
"1023 N Vista Loop Morgan, UT",,img_000_.jpg,img_000_.jpg
"1033 N Vista Loop Morgan, UT",,img_000_.jpg,img_000_.jpg
"1043 N Vista Loop Morgan, UT",,img_000_.jpg,img_000_.jpg
"656 E Vista Dr Morgan, UT",,img_000_.jpg,img_000_.jpg
"664 E Vista Dr Morgan, UT",,img_000_.jpg,img_000_.jpg
"672 E Vista Dr Morgan, UT",,img_000_.jpg,img_000_.jpg
"1002 N Vista Loop Morgan, UT",,img_000_.jpg,img_000_.jpg
"1008 N Vista Loop Morgan, UT",,img_000_.jpg,img_000_.jpg
"1016 N Vista Loop Morgan, UT",,img_000_.jpg,img_000_.jpg
"1024 N Vista Loop Morgan, UT",,img_000_.jpg,img_000_.jpg
"1036 N Vista Loop Morgan, UT",,img_000_.jpg,img_000_.jpg
"1046 N Vista Loop Morgan, UT",,img_000_.jpg,img_000_.jpg
"843 N Grand View Dr Morgan, UT",,img_000_.jpg,img_000_.jpg
"851 N Grand View Dr Morgan, UT",,img_000_.jpg,img_000_.jpg
"857 N Grand View Dr Morgan, UT",,img_000_.jpg,img_000_.jpg
"863 N Grand View Dr Morgan, UT",,img_000_.jpg,img_000_.jpg
"871 N Grand View Dr Morgan, UT",,img_000_.jpg,img_000_.jpg
"879 N Grand View Dr Morgan, UT",,img_000_.jpg,img_000_.jpg
"885 N Grand View Dr Morgan, UT",,img_000_.jpg,img_000_.jpg
"895 N Grand View Dr Morgan, UT",,img_000_.jpg,img_000_.jpg
"840 N Grand View Dr Morgan, UT",,img_000_.jpg,img_000_.jpg
"846 N Grand View Dr Morgan, UT",,img_000_.jpg,img_000_.jpg
"854 N Grand View Dr Morgan, UT",,img_000_.jpg,img_000_.jpg
"860 N Grand View Dr Morgan, UT",,img_000_.jpg,img_000_.jpg
"868 N Grand View Dr Morgan, UT",,img_000_.jpg,img_000_.jpg
"876 N Grand View Dr Morgan, UT",,img_000_.jpg,img_000_.jpg
"888 N Grand View Dr Morgan, UT",,img_000_.jpg,img_000_.jpg
"832 N Eagle View Dr Morgan, UT",,img_000_.jpg,img_000_.jpg
"838 N Eagle View Dr Morgan, UT",,img_000_.jpg,img_000_.jpg
"842 N Eagle View Dr Morgan, UT",,img_000_.jpg,img_000_.jpg
"852 N Eagle View Dr Morgan, UT",,img_000_.jpg,img_000_.jpg
"858 N Eagle View Dr Morgan, UT",,img_000_.jpg,img_000_.jpg
"864 N Eagle View Dr Morgan, UT",,img_000_.jpg,img_000_.jpg
"870 N Eagle View Dr Morgan, UT",,img_000_.jpg,img_000_.jpg
"880 N Eagle View Dr Morgan, UT",,img_000_.jpg,img_000_.jpg
"886 N Eagle View Dr Morgan, UT",,img_000_.jpg,img_000_.jpg
"892 N Eagle View Dr Morgan, UT",,img_000_.jpg,img_000_.jpg
"898 N Eagle View Dr Morgan, UT",,img_000_.jpg,img_000_.jpg
"904 N Eagle View Dr Morgan, UT",,img_000_.jpg,img_000_.jpg
"901 N Eagle View Dr Morgan, UT",,img_000_.jpg,img_000_.jpg
"889 N Eagle View Dr Morgan, UT",,img_000_.jpg,img_000_.jpg
"883 N Eagle View Dr Morgan, UT",,img_000_.jpg,img_000_.jpg
"873 N Eagle View Dr Morgan, UT",,img_000_.jpg,img_000_.jpg
"867 N Eagle View Dr Morgan, UT",,img_000_.jpg,img_000_.jpg
"861 N Eagle View Dr Morgan, UT",,img_000_.jpg,img_000_.jpg
"855 N Eagle View Dr Morgan, UT",,img_000_.jpg,img_000_.jpg
"849 N Eagle View Dr Morgan, UT",,img_000_.jpg,img_000_.jpg
"841 N Eagle View Dr Morgan, UT",,img_000_.jpg,img_000_.jpg
"336 E 125 N Morgan, UT",,img_000_.jpg,img_000_.jpg
"489 W 175 N Morgan, UT",,img_000_.jpg,img_000_.jpg
"499 W 175 N Morgan, UT",,img_000_.jpg,img_000_.jpg
"509 N 525 W Morgan, UT",,img_000_.jpg,img_000_.jpg
"519 N 525 W Morgan, UT",,img_000_.jpg,img_000_.jpg
"539 W 275 N Morgan, UT",,img_000_.jpg,img_000_.jpg
"555 N 525 W Morgan, UT",,img_000_.jpg,img_000_.jpg
"571 N 525 W Morgan, UT",,img_000_.jpg,img_000_.jpg
"587 W 150 N Morgan, UT",,img_000_.jpg,img_000_.jpg
"605 N 700 W Morgan, UT",,img_000_.jpg,img_000_.jpg
"221 N 525 W Morgan, UT",,img_000_.jpg,img_000_.jpg
"255 N 525 W Morgan, UT",,img_000_.jpg,img_000_.jpg
"285 N 525 W Morgan, UT",,img_000_.jpg,img_000_.jpg
"297 N 525 W Morgan, UT",,img_000_.jpg,img_000_.jpg
"492 W 275 N Morgan, UT",,img_000_.jpg,img_000_.jpg
"498 W 275 N Morgan, UT",,img_000_.jpg,img_000_.jpg
"514 N 525 W Morgan, UT",,img_000_.jpg,img_000_.jpg
"528 N 525 W Morgan, UT",,img_000_.jpg,img_000_.jpg
"544 W 275 N Morgan, UT",,img_000_.jpg,img_000_.jpg
"560 W 275 N Morgan, UT",,img_000_.jpg,img_000_.jpg
"574 N 700 W Morgan, UT",,img_000_.jpg,img_000_.jpg
"588 N 700 W Morgan, UT",,img_000_.jpg,img_000_.jpg
"602 N 700 W Morgan, UT",,img_000_.jpg,img_000_.jpg
"282 N 525 W Morgan, UT",,img_000_.jpg,img_000_.jpg
"294 N 525 W Morgan, UT",,img_000_.jpg,img_000_.jpg
"308 N 525 W Morgan, UT",,img_000_.jpg,img_000_.jpg
